Aasta;Maakond;Kuu;Arv
2006;Harju maakond;Jaanuar;164
2006;..Tallinn;Jaanuar;148
2006;Hiiu maakond;Jaanuar;2
2006;Ida-Viru maakond;Jaanuar;47
2006;Jõgeva maakond;Jaanuar;5
2006;Järva maakond;Jaanuar;7
2006;Lääne maakond;Jaanuar;1
2006;Lääne-Viru maakond;Jaanuar;9
2006;Põlva maakond;Jaanuar;6
2006;Pärnu maakond;Jaanuar;16
2006;Rapla maakond;Jaanuar;6
2006;Saare maakond;Jaanuar;2
2006;Tartu maakond;Jaanuar;31
2006;Valga maakond;Jaanuar;3
2006;Viljandi maakond;Jaanuar;3
2006;Võru maakond;Jaanuar;5
2007;Harju maakond;Jaanuar;156
2007;..Tallinn;Jaanuar;135
2007;Hiiu maakond;Jaanuar;1
2007;Ida-Viru maakond;Jaanuar;49
2007;Jõgeva maakond;Jaanuar;6
2007;Järva maakond;Jaanuar;13
2007;Lääne maakond;Jaanuar;8
2007;Lääne-Viru maakond;Jaanuar;11
2007;Põlva maakond;Jaanuar;1
2007;Pärnu maakond;Jaanuar;20
2007;Rapla maakond;Jaanuar;3
2007;Saare maakond;Jaanuar;2
2007;Tartu maakond;Jaanuar;42
2007;Valga maakond;Jaanuar;1
2007;Viljandi maakond;Jaanuar;10
2007;Võru maakond;Jaanuar;5
2008;Harju maakond;Jaanuar;139
2008;..Tallinn;Jaanuar;125
2008;Hiiu maakond;Jaanuar;1
2008;Ida-Viru maakond;Jaanuar;42
2008;Jõgeva maakond;Jaanuar;4
2008;Järva maakond;Jaanuar;4
2008;Lääne maakond;Jaanuar;4
2008;Lääne-Viru maakond;Jaanuar;12
2008;Põlva maakond;Jaanuar;3
2008;Pärnu maakond;Jaanuar;16
2008;Rapla maakond;Jaanuar;4
2008;Saare maakond;Jaanuar;3
2008;Tartu maakond;Jaanuar;26
2008;Valga maakond;Jaanuar;2
2008;Viljandi maakond;Jaanuar;4
2008;Võru maakond;Jaanuar;3
2009;Harju maakond;Jaanuar;126
2009;..Tallinn;Jaanuar;109
2009;Hiiu maakond;Jaanuar;1
2009;Ida-Viru maakond;Jaanuar;57
2009;Jõgeva maakond;Jaanuar;2
2009;Järva maakond;Jaanuar;5
2009;Lääne maakond;Jaanuar;5
2009;Lääne-Viru maakond;Jaanuar;11
2009;Põlva maakond;Jaanuar;2
2009;Pärnu maakond;Jaanuar;11
2009;Rapla maakond;Jaanuar;6
2009;Saare maakond;Jaanuar;4
2009;Tartu maakond;Jaanuar;24
2009;Valga maakond;Jaanuar;4
2009;Viljandi maakond;Jaanuar;6
2009;Võru maakond;Jaanuar;5
2010;Harju maakond;Jaanuar;90
2010;..Tallinn;Jaanuar;84
2010;Hiiu maakond;Jaanuar;1
2010;Ida-Viru maakond;Jaanuar;27
2010;Jõgeva maakond;Jaanuar;3
2010;Järva maakond;Jaanuar;4
2010;Lääne maakond;Jaanuar;2
2010;Lääne-Viru maakond;Jaanuar;6
2010;Põlva maakond;Jaanuar;4
2010;Pärnu maakond;Jaanuar;17
2010;Rapla maakond;Jaanuar;1
2010;Saare maakond;Jaanuar;2
2010;Tartu maakond;Jaanuar;30
2010;Valga maakond;Jaanuar;3
2010;Viljandi maakond;Jaanuar;4
2010;Võru maakond;Jaanuar;4
2011;Harju maakond;Jaanuar;97
2011;..Tallinn;Jaanuar;92
2011;Hiiu maakond;Jaanuar;1
2011;Ida-Viru maakond;Jaanuar;35
2011;Jõgeva maakond;Jaanuar;2
2011;Järva maakond;Jaanuar;2
2011;Lääne maakond;Jaanuar;2
2011;Lääne-Viru maakond;Jaanuar;7
2011;Põlva maakond;Jaanuar;4
2011;Pärnu maakond;Jaanuar;13
2011;Rapla maakond;Jaanuar;1
2011;Saare maakond;Jaanuar;3
2011;Tartu maakond;Jaanuar;14
2011;Valga maakond;Jaanuar;2
2011;Viljandi maakond;Jaanuar;10
2011;Võru maakond;Jaanuar;3
2012;Harju maakond;Jaanuar;115
2012;..Tallinn;Jaanuar;109
2012;Hiiu maakond;Jaanuar;0
2012;Ida-Viru maakond;Jaanuar;32
2012;Jõgeva maakond;Jaanuar;6
2012;Järva maakond;Jaanuar;6
2012;Lääne maakond;Jaanuar;4
2012;Lääne-Viru maakond;Jaanuar;9
2012;Põlva maakond;Jaanuar;5
2012;Pärnu maakond;Jaanuar;10
2012;Rapla maakond;Jaanuar;7
2012;Saare maakond;Jaanuar;6
2012;Tartu maakond;Jaanuar;23
2012;Valga maakond;Jaanuar;4
2012;Viljandi maakond;Jaanuar;5
2012;Võru maakond;Jaanuar;1
2013;Harju maakond;Jaanuar;140
2013;..Tallinn;Jaanuar;125
2013;Hiiu maakond;Jaanuar;2
2013;Ida-Viru maakond;Jaanuar;46
2013;Jõgeva maakond;Jaanuar;8
2013;Järva maakond;Jaanuar;3
2013;Lääne maakond;Jaanuar;5
2013;Lääne-Viru maakond;Jaanuar;10
2013;Põlva maakond;Jaanuar;1
2013;Pärnu maakond;Jaanuar;15
2013;Rapla maakond;Jaanuar;1
2013;Saare maakond;Jaanuar;1
2013;Tartu maakond;Jaanuar;33
2013;Valga maakond;Jaanuar;2
2013;Viljandi maakond;Jaanuar;5
2013;Võru maakond;Jaanuar;7
2014;Harju maakond;Jaanuar;141
2014;..Tallinn;Jaanuar;127
2014;Hiiu maakond;Jaanuar;0
2014;Ida-Viru maakond;Jaanuar;42
2014;Jõgeva maakond;Jaanuar;0
2014;Järva maakond;Jaanuar;4
2014;Lääne maakond;Jaanuar;3
2014;Lääne-Viru maakond;Jaanuar;8
2014;Põlva maakond;Jaanuar;1
2014;Pärnu maakond;Jaanuar;14
2014;Rapla maakond;Jaanuar;3
2014;Saare maakond;Jaanuar;7
2014;Tartu maakond;Jaanuar;17
2014;Valga maakond;Jaanuar;2
2014;Viljandi maakond;Jaanuar;8
2014;Võru maakond;Jaanuar;5
2015;Harju maakond;Jaanuar;111
2015;..Tallinn;Jaanuar;108
2015;Hiiu maakond;Jaanuar;1
2015;Ida-Viru maakond;Jaanuar;38
2015;Jõgeva maakond;Jaanuar;1
2015;Järva maakond;Jaanuar;3
2015;Lääne maakond;Jaanuar;1
2015;Lääne-Viru maakond;Jaanuar;9
2015;Põlva maakond;Jaanuar;5
2015;Pärnu maakond;Jaanuar;15
2015;Rapla maakond;Jaanuar;4
2015;Saare maakond;Jaanuar;3
2015;Tartu maakond;Jaanuar;18
2015;Valga maakond;Jaanuar;3
2015;Viljandi maakond;Jaanuar;6
2015;Võru maakond;Jaanuar;7
2016;Harju maakond;Jaanuar;152
2016;..Tallinn;Jaanuar;149
2016;Hiiu maakond;Jaanuar;1
2016;Ida-Viru maakond;Jaanuar;43
2016;Jõgeva maakond;Jaanuar;3
2016;Järva maakond;Jaanuar;4
2016;Lääne maakond;Jaanuar;2
2016;Lääne-Viru maakond;Jaanuar;14
2016;Põlva maakond;Jaanuar;2
2016;Pärnu maakond;Jaanuar;17
2016;Rapla maakond;Jaanuar;3
2016;Saare maakond;Jaanuar;1
2016;Tartu maakond;Jaanuar;25
2016;Valga maakond;Jaanuar;2
2016;Viljandi maakond;Jaanuar;11
2016;Võru maakond;Jaanuar;2
2017;Harju maakond;Jaanuar;123
2017;..Tallinn;Jaanuar;120
2017;Hiiu maakond;Jaanuar;1
2017;Ida-Viru maakond;Jaanuar;35
2017;Jõgeva maakond;Jaanuar;1
2017;Järva maakond;Jaanuar;0
2017;Lääne maakond;Jaanuar;5
2017;Lääne-Viru maakond;Jaanuar;10
2017;Põlva maakond;Jaanuar;2
2017;Pärnu maakond;Jaanuar;11
2017;Rapla maakond;Jaanuar;5
2017;Saare maakond;Jaanuar;3
2017;Tartu maakond;Jaanuar;24
2017;Valga maakond;Jaanuar;7
2017;Viljandi maakond;Jaanuar;6
2017;Võru maakond;Jaanuar;2
2018;Harju maakond;Jaanuar;114
2018;..Tallinn;Jaanuar;114
2018;Hiiu maakond;Jaanuar;1
2018;Ida-Viru maakond;Jaanuar;45
2018;Jõgeva maakond;Jaanuar;2
2018;Järva maakond;Jaanuar;4
2018;Lääne maakond;Jaanuar;3
2018;Lääne-Viru maakond;Jaanuar;8
2018;Põlva maakond;Jaanuar;2
2018;Pärnu maakond;Jaanuar;8
2018;Rapla maakond;Jaanuar;6
2018;Saare maakond;Jaanuar;5
2018;Tartu maakond;Jaanuar;27
2018;Valga maakond;Jaanuar;1
2018;Viljandi maakond;Jaanuar;7
2018;Võru maakond;Jaanuar;4
2019;Harju maakond;Jaanuar;116
2019;..Tallinn;Jaanuar;116
2019;Hiiu maakond;Jaanuar;3
2019;Ida-Viru maakond;Jaanuar;16
2019;Jõgeva maakond;Jaanuar;3
2019;Järva maakond;Jaanuar;2
2019;Lääne maakond;Jaanuar;8
2019;Lääne-Viru maakond;Jaanuar;7
2019;Põlva maakond;Jaanuar;1
2019;Pärnu maakond;Jaanuar;10
2019;Rapla maakond;Jaanuar;3
2019;Saare maakond;Jaanuar;7
2019;Tartu maakond;Jaanuar;23
2019;Valga maakond;Jaanuar;2
2019;Viljandi maakond;Jaanuar;10
2019;Võru maakond;Jaanuar;2
2020;Harju maakond;Jaanuar;133
2020;..Tallinn;Jaanuar;133
2020;Hiiu maakond;Jaanuar;1
2020;Ida-Viru maakond;Jaanuar;31
2020;Jõgeva maakond;Jaanuar;1
2020;Järva maakond;Jaanuar;4
2020;Lääne maakond;Jaanuar;2
2020;Lääne-Viru maakond;Jaanuar;9
2020;Põlva maakond;Jaanuar;1
2020;Pärnu maakond;Jaanuar;12
2020;Rapla maakond;Jaanuar;6
2020;Saare maakond;Jaanuar;5
2020;Tartu maakond;Jaanuar;25
2020;Valga maakond;Jaanuar;3
2020;Viljandi maakond;Jaanuar;6
2020;Võru maakond;Jaanuar;3
2006;Harju maakond;Veebruar;119
2006;..Tallinn;Veebruar;106
2006;Hiiu maakond;Veebruar;0
2006;Ida-Viru maakond;Veebruar;38
2006;Jõgeva maakond;Veebruar;7
2006;Järva maakond;Veebruar;3
2006;Lääne maakond;Veebruar;3
2006;Lääne-Viru maakond;Veebruar;12
2006;Põlva maakond;Veebruar;1
2006;Pärnu maakond;Veebruar;19
2006;Rapla maakond;Veebruar;2
2006;Saare maakond;Veebruar;5
2006;Tartu maakond;Veebruar;29
2006;Valga maakond;Veebruar;6
2006;Viljandi maakond;Veebruar;11
2006;Võru maakond;Veebruar;3
2007;Harju maakond;Veebruar;125
2007;..Tallinn;Veebruar;114
2007;Hiiu maakond;Veebruar;0
2007;Ida-Viru maakond;Veebruar;41
2007;Jõgeva maakond;Veebruar;3
2007;Järva maakond;Veebruar;4
2007;Lääne maakond;Veebruar;7
2007;Lääne-Viru maakond;Veebruar;19
2007;Põlva maakond;Veebruar;4
2007;Pärnu maakond;Veebruar;13
2007;Rapla maakond;Veebruar;2
2007;Saare maakond;Veebruar;1
2007;Tartu maakond;Veebruar;29
2007;Valga maakond;Veebruar;6
2007;Viljandi maakond;Veebruar;10
2007;Võru maakond;Veebruar;8
2008;Harju maakond;Veebruar;137
2008;..Tallinn;Veebruar;129
2008;Hiiu maakond;Veebruar;1
2008;Ida-Viru maakond;Veebruar;44
2008;Jõgeva maakond;Veebruar;3
2008;Järva maakond;Veebruar;4
2008;Lääne maakond;Veebruar;5
2008;Lääne-Viru maakond;Veebruar;7
2008;Põlva maakond;Veebruar;5
2008;Pärnu maakond;Veebruar;14
2008;Rapla maakond;Veebruar;6
2008;Saare maakond;Veebruar;6
2008;Tartu maakond;Veebruar;22
2008;Valga maakond;Veebruar;1
2008;Viljandi maakond;Veebruar;5
2008;Võru maakond;Veebruar;6
2009;Harju maakond;Veebruar;105
2009;..Tallinn;Veebruar;91
2009;Hiiu maakond;Veebruar;0
2009;Ida-Viru maakond;Veebruar;30
2009;Jõgeva maakond;Veebruar;4
2009;Järva maakond;Veebruar;2
2009;Lääne maakond;Veebruar;2
2009;Lääne-Viru maakond;Veebruar;12
2009;Põlva maakond;Veebruar;1
2009;Pärnu maakond;Veebruar;12
2009;Rapla maakond;Veebruar;8
2009;Saare maakond;Veebruar;6
2009;Tartu maakond;Veebruar;22
2009;Valga maakond;Veebruar;3
2009;Viljandi maakond;Veebruar;4
2009;Võru maakond;Veebruar;5
2010;Harju maakond;Veebruar;96
2010;..Tallinn;Veebruar;87
2010;Hiiu maakond;Veebruar;0
2010;Ida-Viru maakond;Veebruar;34
2010;Jõgeva maakond;Veebruar;2
2010;Järva maakond;Veebruar;1
2010;Lääne maakond;Veebruar;2
2010;Lääne-Viru maakond;Veebruar;5
2010;Põlva maakond;Veebruar;6
2010;Pärnu maakond;Veebruar;12
2010;Rapla maakond;Veebruar;0
2010;Saare maakond;Veebruar;4
2010;Tartu maakond;Veebruar;34
2010;Valga maakond;Veebruar;4
2010;Viljandi maakond;Veebruar;3
2010;Võru maakond;Veebruar;2
2011;Harju maakond;Veebruar;122
2011;..Tallinn;Veebruar;114
2011;Hiiu maakond;Veebruar;1
2011;Ida-Viru maakond;Veebruar;40
2011;Jõgeva maakond;Veebruar;4
2011;Järva maakond;Veebruar;1
2011;Lääne maakond;Veebruar;1
2011;Lääne-Viru maakond;Veebruar;13
2011;Põlva maakond;Veebruar;3
2011;Pärnu maakond;Veebruar;11
2011;Rapla maakond;Veebruar;0
2011;Saare maakond;Veebruar;4
2011;Tartu maakond;Veebruar;25
2011;Valga maakond;Veebruar;6
2011;Viljandi maakond;Veebruar;11
2011;Võru maakond;Veebruar;2
2012;Harju maakond;Veebruar;124
2012;..Tallinn;Veebruar;116
2012;Hiiu maakond;Veebruar;0
2012;Ida-Viru maakond;Veebruar;31
2012;Jõgeva maakond;Veebruar;1
2012;Järva maakond;Veebruar;5
2012;Lääne maakond;Veebruar;2
2012;Lääne-Viru maakond;Veebruar;5
2012;Põlva maakond;Veebruar;3
2012;Pärnu maakond;Veebruar;9
2012;Rapla maakond;Veebruar;7
2012;Saare maakond;Veebruar;2
2012;Tartu maakond;Veebruar;35
2012;Valga maakond;Veebruar;4
2012;Viljandi maakond;Veebruar;3
2012;Võru maakond;Veebruar;4
2013;Harju maakond;Veebruar;128
2013;..Tallinn;Veebruar;112
2013;Hiiu maakond;Veebruar;1
2013;Ida-Viru maakond;Veebruar;35
2013;Jõgeva maakond;Veebruar;8
2013;Järva maakond;Veebruar;3
2013;Lääne maakond;Veebruar;0
2013;Lääne-Viru maakond;Veebruar;6
2013;Põlva maakond;Veebruar;0
2013;Pärnu maakond;Veebruar;14
2013;Rapla maakond;Veebruar;4
2013;Saare maakond;Veebruar;4
2013;Tartu maakond;Veebruar;36
2013;Valga maakond;Veebruar;7
2013;Viljandi maakond;Veebruar;8
2013;Võru maakond;Veebruar;8
2014;Harju maakond;Veebruar;113
2014;..Tallinn;Veebruar;100
2014;Hiiu maakond;Veebruar;1
2014;Ida-Viru maakond;Veebruar;37
2014;Jõgeva maakond;Veebruar;4
2014;Järva maakond;Veebruar;2
2014;Lääne maakond;Veebruar;2
2014;Lääne-Viru maakond;Veebruar;7
2014;Põlva maakond;Veebruar;2
2014;Pärnu maakond;Veebruar;12
2014;Rapla maakond;Veebruar;5
2014;Saare maakond;Veebruar;3
2014;Tartu maakond;Veebruar;29
2014;Valga maakond;Veebruar;2
2014;Viljandi maakond;Veebruar;6
2014;Võru maakond;Veebruar;6
2015;Harju maakond;Veebruar;76
2015;..Tallinn;Veebruar;73
2015;Hiiu maakond;Veebruar;0
2015;Ida-Viru maakond;Veebruar;30
2015;Jõgeva maakond;Veebruar;6
2015;Järva maakond;Veebruar;5
2015;Lääne maakond;Veebruar;4
2015;Lääne-Viru maakond;Veebruar;6
2015;Põlva maakond;Veebruar;1
2015;Pärnu maakond;Veebruar;12
2015;Rapla maakond;Veebruar;3
2015;Saare maakond;Veebruar;2
2015;Tartu maakond;Veebruar;22
2015;Valga maakond;Veebruar;1
2015;Viljandi maakond;Veebruar;5
2015;Võru maakond;Veebruar;1
2016;Harju maakond;Veebruar;122
2016;..Tallinn;Veebruar;120
2016;Hiiu maakond;Veebruar;0
2016;Ida-Viru maakond;Veebruar;36
2016;Jõgeva maakond;Veebruar;5
2016;Järva maakond;Veebruar;5
2016;Lääne maakond;Veebruar;5
2016;Lääne-Viru maakond;Veebruar;11
2016;Põlva maakond;Veebruar;2
2016;Pärnu maakond;Veebruar;13
2016;Rapla maakond;Veebruar;2
2016;Saare maakond;Veebruar;6
2016;Tartu maakond;Veebruar;26
2016;Valga maakond;Veebruar;2
2016;Viljandi maakond;Veebruar;12
2016;Võru maakond;Veebruar;1
2017;Harju maakond;Veebruar;120
2017;..Tallinn;Veebruar;116
2017;Hiiu maakond;Veebruar;2
2017;Ida-Viru maakond;Veebruar;36
2017;Jõgeva maakond;Veebruar;3
2017;Järva maakond;Veebruar;3
2017;Lääne maakond;Veebruar;3
2017;Lääne-Viru maakond;Veebruar;12
2017;Põlva maakond;Veebruar;4
2017;Pärnu maakond;Veebruar;15
2017;Rapla maakond;Veebruar;4
2017;Saare maakond;Veebruar;4
2017;Tartu maakond;Veebruar;31
2017;Valga maakond;Veebruar;1
2017;Viljandi maakond;Veebruar;4
2017;Võru maakond;Veebruar;6
2018;Harju maakond;Veebruar;125
2018;..Tallinn;Veebruar;125
2018;Hiiu maakond;Veebruar;1
2018;Ida-Viru maakond;Veebruar;33
2018;Jõgeva maakond;Veebruar;5
2018;Järva maakond;Veebruar;6
2018;Lääne maakond;Veebruar;3
2018;Lääne-Viru maakond;Veebruar;6
2018;Põlva maakond;Veebruar;2
2018;Pärnu maakond;Veebruar;10
2018;Rapla maakond;Veebruar;2
2018;Saare maakond;Veebruar;3
2018;Tartu maakond;Veebruar;23
2018;Valga maakond;Veebruar;0
2018;Viljandi maakond;Veebruar;10
2018;Võru maakond;Veebruar;2
2019;Harju maakond;Veebruar;122
2019;..Tallinn;Veebruar;122
2019;Hiiu maakond;Veebruar;2
2019;Ida-Viru maakond;Veebruar;32
2019;Jõgeva maakond;Veebruar;4
2019;Järva maakond;Veebruar;6
2019;Lääne maakond;Veebruar;2
2019;Lääne-Viru maakond;Veebruar;13
2019;Põlva maakond;Veebruar;1
2019;Pärnu maakond;Veebruar;11
2019;Rapla maakond;Veebruar;3
2019;Saare maakond;Veebruar;2
2019;Tartu maakond;Veebruar;24
2019;Valga maakond;Veebruar;5
2019;Viljandi maakond;Veebruar;4
2019;Võru maakond;Veebruar;3
2020;Harju maakond;Veebruar;117
2020;..Tallinn;Veebruar;117
2020;Hiiu maakond;Veebruar;2
2020;Ida-Viru maakond;Veebruar;38
2020;Jõgeva maakond;Veebruar;6
2020;Järva maakond;Veebruar;6
2020;Lääne maakond;Veebruar;1
2020;Lääne-Viru maakond;Veebruar;3
2020;Põlva maakond;Veebruar;2
2020;Pärnu maakond;Veebruar;10
2020;Rapla maakond;Veebruar;6
2020;Saare maakond;Veebruar;2
2020;Tartu maakond;Veebruar;25
2020;Valga maakond;Veebruar;6
2020;Viljandi maakond;Veebruar;7
2020;Võru maakond;Veebruar;5
2006;Harju maakond;Märts;174
2006;..Tallinn;Märts;159
2006;Hiiu maakond;Märts;1
2006;Ida-Viru maakond;Märts;41
2006;Jõgeva maakond;Märts;9
2006;Järva maakond;Märts;7
2006;Lääne maakond;Märts;6
2006;Lääne-Viru maakond;Märts;7
2006;Põlva maakond;Märts;2
2006;Pärnu maakond;Märts;22
2006;Rapla maakond;Märts;5
2006;Saare maakond;Märts;7
2006;Tartu maakond;Märts;27
2006;Valga maakond;Märts;7
2006;Viljandi maakond;Märts;14
2006;Võru maakond;Märts;1
2007;Harju maakond;Märts;141
2007;..Tallinn;Märts;133
2007;Hiiu maakond;Märts;5
2007;Ida-Viru maakond;Märts;47
2007;Jõgeva maakond;Märts;7
2007;Järva maakond;Märts;7
2007;Lääne maakond;Märts;8
2007;Lääne-Viru maakond;Märts;11
2007;Põlva maakond;Märts;7
2007;Pärnu maakond;Märts;22
2007;Rapla maakond;Märts;4
2007;Saare maakond;Märts;6
2007;Tartu maakond;Märts;35
2007;Valga maakond;Märts;4
2007;Viljandi maakond;Märts;8
2007;Võru maakond;Märts;5
2008;Harju maakond;Märts;139
2008;..Tallinn;Märts;126
2008;Hiiu maakond;Märts;1
2008;Ida-Viru maakond;Märts;57
2008;Jõgeva maakond;Märts;11
2008;Järva maakond;Märts;7
2008;Lääne maakond;Märts;7
2008;Lääne-Viru maakond;Märts;13
2008;Põlva maakond;Märts;5
2008;Pärnu maakond;Märts;26
2008;Rapla maakond;Märts;7
2008;Saare maakond;Märts;5
2008;Tartu maakond;Märts;27
2008;Valga maakond;Märts;5
2008;Viljandi maakond;Märts;7
2008;Võru maakond;Märts;14
2009;Harju maakond;Märts;164
2009;..Tallinn;Märts;154
2009;Hiiu maakond;Märts;2
2009;Ida-Viru maakond;Märts;71
2009;Jõgeva maakond;Märts;5
2009;Järva maakond;Märts;7
2009;Lääne maakond;Märts;5
2009;Lääne-Viru maakond;Märts;8
2009;Põlva maakond;Märts;4
2009;Pärnu maakond;Märts;24
2009;Rapla maakond;Märts;5
2009;Saare maakond;Märts;3
2009;Tartu maakond;Märts;33
2009;Valga maakond;Märts;2
2009;Viljandi maakond;Märts;7
2009;Võru maakond;Märts;7
2010;Harju maakond;Märts;142
2010;..Tallinn;Märts;126
2010;Hiiu maakond;Märts;1
2010;Ida-Viru maakond;Märts;40
2010;Jõgeva maakond;Märts;4
2010;Järva maakond;Märts;3
2010;Lääne maakond;Märts;8
2010;Lääne-Viru maakond;Märts;10
2010;Põlva maakond;Märts;4
2010;Pärnu maakond;Märts;12
2010;Rapla maakond;Märts;3
2010;Saare maakond;Märts;5
2010;Tartu maakond;Märts;35
2010;Valga maakond;Märts;4
2010;Viljandi maakond;Märts;6
2010;Võru maakond;Märts;7
2011;Harju maakond;Märts;154
2011;..Tallinn;Märts;145
2011;Hiiu maakond;Märts;1
2011;Ida-Viru maakond;Märts;44
2011;Jõgeva maakond;Märts;5
2011;Järva maakond;Märts;4
2011;Lääne maakond;Märts;4
2011;Lääne-Viru maakond;Märts;4
2011;Põlva maakond;Märts;1
2011;Pärnu maakond;Märts;16
2011;Rapla maakond;Märts;6
2011;Saare maakond;Märts;6
2011;Tartu maakond;Märts;31
2011;Valga maakond;Märts;3
2011;Viljandi maakond;Märts;4
2011;Võru maakond;Märts;2
2012;Harju maakond;Märts;134
2012;..Tallinn;Märts;126
2012;Hiiu maakond;Märts;0
2012;Ida-Viru maakond;Märts;36
2012;Jõgeva maakond;Märts;3
2012;Järva maakond;Märts;5
2012;Lääne maakond;Märts;4
2012;Lääne-Viru maakond;Märts;11
2012;Põlva maakond;Märts;6
2012;Pärnu maakond;Märts;13
2012;Rapla maakond;Märts;5
2012;Saare maakond;Märts;6
2012;Tartu maakond;Märts;34
2012;Valga maakond;Märts;6
2012;Viljandi maakond;Märts;7
2012;Võru maakond;Märts;4
2013;Harju maakond;Märts;146
2013;..Tallinn;Märts;129
2013;Hiiu maakond;Märts;1
2013;Ida-Viru maakond;Märts;39
2013;Jõgeva maakond;Märts;0
2013;Järva maakond;Märts;3
2013;Lääne maakond;Märts;2
2013;Lääne-Viru maakond;Märts;8
2013;Põlva maakond;Märts;2
2013;Pärnu maakond;Märts;19
2013;Rapla maakond;Märts;3
2013;Saare maakond;Märts;4
2013;Tartu maakond;Märts;41
2013;Valga maakond;Märts;7
2013;Viljandi maakond;Märts;1
2013;Võru maakond;Märts;4
2014;Harju maakond;Märts;152
2014;..Tallinn;Märts;147
2014;Hiiu maakond;Märts;1
2014;Ida-Viru maakond;Märts;38
2014;Jõgeva maakond;Märts;4
2014;Järva maakond;Märts;4
2014;Lääne maakond;Märts;4
2014;Lääne-Viru maakond;Märts;14
2014;Põlva maakond;Märts;5
2014;Pärnu maakond;Märts;15
2014;Rapla maakond;Märts;3
2014;Saare maakond;Märts;4
2014;Tartu maakond;Märts;25
2014;Valga maakond;Märts;2
2014;Viljandi maakond;Märts;8
2014;Võru maakond;Märts;4
2015;Harju maakond;Märts;137
2015;..Tallinn;Märts;135
2015;Hiiu maakond;Märts;0
2015;Ida-Viru maakond;Märts;36
2015;Jõgeva maakond;Märts;7
2015;Järva maakond;Märts;7
2015;Lääne maakond;Märts;2
2015;Lääne-Viru maakond;Märts;13
2015;Põlva maakond;Märts;5
2015;Pärnu maakond;Märts;20
2015;Rapla maakond;Märts;9
2015;Saare maakond;Märts;4
2015;Tartu maakond;Märts;38
2015;Valga maakond;Märts;3
2015;Viljandi maakond;Märts;9
2015;Võru maakond;Märts;2
2016;Harju maakond;Märts;140
2016;..Tallinn;Märts;135
2016;Hiiu maakond;Märts;1
2016;Ida-Viru maakond;Märts;40
2016;Jõgeva maakond;Märts;1
2016;Järva maakond;Märts;5
2016;Lääne maakond;Märts;2
2016;Lääne-Viru maakond;Märts;12
2016;Põlva maakond;Märts;6
2016;Pärnu maakond;Märts;15
2016;Rapla maakond;Märts;9
2016;Saare maakond;Märts;5
2016;Tartu maakond;Märts;24
2016;Valga maakond;Märts;6
2016;Viljandi maakond;Märts;14
2016;Võru maakond;Märts;6
2017;Harju maakond;Märts;153
2017;..Tallinn;Märts;146
2017;Hiiu maakond;Märts;0
2017;Ida-Viru maakond;Märts;34
2017;Jõgeva maakond;Märts;3
2017;Järva maakond;Märts;6
2017;Lääne maakond;Märts;3
2017;Lääne-Viru maakond;Märts;9
2017;Põlva maakond;Märts;2
2017;Pärnu maakond;Märts;12
2017;Rapla maakond;Märts;5
2017;Saare maakond;Märts;5
2017;Tartu maakond;Märts;40
2017;Valga maakond;Märts;7
2017;Viljandi maakond;Märts;4
2017;Võru maakond;Märts;5
2018;Harju maakond;Märts;151
2018;..Tallinn;Märts;151
2018;Hiiu maakond;Märts;0
2018;Ida-Viru maakond;Märts;23
2018;Jõgeva maakond;Märts;4
2018;Järva maakond;Märts;2
2018;Lääne maakond;Märts;4
2018;Lääne-Viru maakond;Märts;6
2018;Põlva maakond;Märts;2
2018;Pärnu maakond;Märts;9
2018;Rapla maakond;Märts;2
2018;Saare maakond;Märts;5
2018;Tartu maakond;Märts;30
2018;Valga maakond;Märts;7
2018;Viljandi maakond;Märts;3
2018;Võru maakond;Märts;2
2019;Harju maakond;Märts;131
2019;..Tallinn;Märts;131
2019;Hiiu maakond;Märts;1
2019;Ida-Viru maakond;Märts;35
2019;Jõgeva maakond;Märts;1
2019;Järva maakond;Märts;6
2019;Lääne maakond;Märts;4
2019;Lääne-Viru maakond;Märts;13
2019;Põlva maakond;Märts;7
2019;Pärnu maakond;Märts;13
2019;Rapla maakond;Märts;3
2019;Saare maakond;Märts;4
2019;Tartu maakond;Märts;29
2019;Valga maakond;Märts;5
2019;Viljandi maakond;Märts;16
2019;Võru maakond;Märts;4
2020;Harju maakond;Märts;121
2020;..Tallinn;Märts;121
2020;Hiiu maakond;Märts;0
2020;Ida-Viru maakond;Märts;31
2020;Jõgeva maakond;Märts;3
2020;Järva maakond;Märts;3
2020;Lääne maakond;Märts;6
2020;Lääne-Viru maakond;Märts;7
2020;Põlva maakond;Märts;2
2020;Pärnu maakond;Märts;10
2020;Rapla maakond;Märts;2
2020;Saare maakond;Märts;6
2020;Tartu maakond;Märts;28
2020;Valga maakond;Märts;2
2020;Viljandi maakond;Märts;4
2020;Võru maakond;Märts;4
2006;Harju maakond;Aprill;132
2006;..Tallinn;Aprill;116
2006;Hiiu maakond;Aprill;2
2006;Ida-Viru maakond;Aprill;46
2006;Jõgeva maakond;Aprill;6
2006;Järva maakond;Aprill;12
2006;Lääne maakond;Aprill;6
2006;Lääne-Viru maakond;Aprill;13
2006;Põlva maakond;Aprill;6
2006;Pärnu maakond;Aprill;20
2006;Rapla maakond;Aprill;5
2006;Saare maakond;Aprill;5
2006;Tartu maakond;Aprill;33
2006;Valga maakond;Aprill;6
2006;Viljandi maakond;Aprill;6
2006;Võru maakond;Aprill;10
2007;Harju maakond;Aprill;148
2007;..Tallinn;Aprill;130
2007;Hiiu maakond;Aprill;0
2007;Ida-Viru maakond;Aprill;53
2007;Jõgeva maakond;Aprill;4
2007;Järva maakond;Aprill;5
2007;Lääne maakond;Aprill;8
2007;Lääne-Viru maakond;Aprill;17
2007;Põlva maakond;Aprill;6
2007;Pärnu maakond;Aprill;16
2007;Rapla maakond;Aprill;5
2007;Saare maakond;Aprill;2
2007;Tartu maakond;Aprill;30
2007;Valga maakond;Aprill;8
2007;Viljandi maakond;Aprill;8
2007;Võru maakond;Aprill;7
2008;Harju maakond;Aprill;160
2008;..Tallinn;Aprill;151
2008;Hiiu maakond;Aprill;1
2008;Ida-Viru maakond;Aprill;45
2008;Jõgeva maakond;Aprill;7
2008;Järva maakond;Aprill;5
2008;Lääne maakond;Aprill;6
2008;Lääne-Viru maakond;Aprill;13
2008;Põlva maakond;Aprill;5
2008;Pärnu maakond;Aprill;15
2008;Rapla maakond;Aprill;12
2008;Saare maakond;Aprill;6
2008;Tartu maakond;Aprill;31
2008;Valga maakond;Aprill;3
2008;Viljandi maakond;Aprill;9
2008;Võru maakond;Aprill;7
2009;Harju maakond;Aprill;139
2009;..Tallinn;Aprill;121
2009;Hiiu maakond;Aprill;3
2009;Ida-Viru maakond;Aprill;41
2009;Jõgeva maakond;Aprill;4
2009;Järva maakond;Aprill;2
2009;Lääne maakond;Aprill;4
2009;Lääne-Viru maakond;Aprill;5
2009;Põlva maakond;Aprill;0
2009;Pärnu maakond;Aprill;13
2009;Rapla maakond;Aprill;6
2009;Saare maakond;Aprill;4
2009;Tartu maakond;Aprill;24
2009;Valga maakond;Aprill;11
2009;Viljandi maakond;Aprill;14
2009;Võru maakond;Aprill;8
2010;Harju maakond;Aprill;119
2010;..Tallinn;Aprill;114
2010;Hiiu maakond;Aprill;0
2010;Ida-Viru maakond;Aprill;45
2010;Jõgeva maakond;Aprill;3
2010;Järva maakond;Aprill;4
2010;Lääne maakond;Aprill;3
2010;Lääne-Viru maakond;Aprill;10
2010;Põlva maakond;Aprill;0
2010;Pärnu maakond;Aprill;16
2010;Rapla maakond;Aprill;6
2010;Saare maakond;Aprill;3
2010;Tartu maakond;Aprill;31
2010;Valga maakond;Aprill;2
2010;Viljandi maakond;Aprill;9
2010;Võru maakond;Aprill;4
2011;Harju maakond;Aprill;114
2011;..Tallinn;Aprill;107
2011;Hiiu maakond;Aprill;0
2011;Ida-Viru maakond;Aprill;49
2011;Jõgeva maakond;Aprill;2
2011;Järva maakond;Aprill;4
2011;Lääne maakond;Aprill;1
2011;Lääne-Viru maakond;Aprill;10
2011;Põlva maakond;Aprill;4
2011;Pärnu maakond;Aprill;16
2011;Rapla maakond;Aprill;4
2011;Saare maakond;Aprill;9
2011;Tartu maakond;Aprill;33
2011;Valga maakond;Aprill;8
2011;Viljandi maakond;Aprill;3
2011;Võru maakond;Aprill;6
2012;Harju maakond;Aprill;128
2012;..Tallinn;Aprill;122
2012;Hiiu maakond;Aprill;1
2012;Ida-Viru maakond;Aprill;46
2012;Jõgeva maakond;Aprill;5
2012;Järva maakond;Aprill;6
2012;Lääne maakond;Aprill;6
2012;Lääne-Viru maakond;Aprill;13
2012;Põlva maakond;Aprill;4
2012;Pärnu maakond;Aprill;17
2012;Rapla maakond;Aprill;1
2012;Saare maakond;Aprill;3
2012;Tartu maakond;Aprill;22
2012;Valga maakond;Aprill;5
2012;Viljandi maakond;Aprill;2
2012;Võru maakond;Aprill;1
2013;Harju maakond;Aprill;131
2013;..Tallinn;Aprill;111
2013;Hiiu maakond;Aprill;2
2013;Ida-Viru maakond;Aprill;51
2013;Jõgeva maakond;Aprill;3
2013;Järva maakond;Aprill;9
2013;Lääne maakond;Aprill;5
2013;Lääne-Viru maakond;Aprill;12
2013;Põlva maakond;Aprill;1
2013;Pärnu maakond;Aprill;19
2013;Rapla maakond;Aprill;5
2013;Saare maakond;Aprill;4
2013;Tartu maakond;Aprill;33
2013;Valga maakond;Aprill;6
2013;Viljandi maakond;Aprill;9
2013;Võru maakond;Aprill;4
2014;Harju maakond;Aprill;123
2014;..Tallinn;Aprill;115
2014;Hiiu maakond;Aprill;0
2014;Ida-Viru maakond;Aprill;64
2014;Jõgeva maakond;Aprill;5
2014;Järva maakond;Aprill;5
2014;Lääne maakond;Aprill;3
2014;Lääne-Viru maakond;Aprill;8
2014;Põlva maakond;Aprill;2
2014;Pärnu maakond;Aprill;11
2014;Rapla maakond;Aprill;12
2014;Saare maakond;Aprill;4
2014;Tartu maakond;Aprill;26
2014;Valga maakond;Aprill;3
2014;Viljandi maakond;Aprill;6
2014;Võru maakond;Aprill;4
2015;Harju maakond;Aprill;138
2015;..Tallinn;Aprill;135
2015;Hiiu maakond;Aprill;2
2015;Ida-Viru maakond;Aprill;41
2015;Jõgeva maakond;Aprill;4
2015;Järva maakond;Aprill;8
2015;Lääne maakond;Aprill;3
2015;Lääne-Viru maakond;Aprill;5
2015;Põlva maakond;Aprill;1
2015;Pärnu maakond;Aprill;14
2015;Rapla maakond;Aprill;11
2015;Saare maakond;Aprill;7
2015;Tartu maakond;Aprill;32
2015;Valga maakond;Aprill;7
2015;Viljandi maakond;Aprill;9
2015;Võru maakond;Aprill;7
2016;Harju maakond;Aprill;124
2016;..Tallinn;Aprill;119
2016;Hiiu maakond;Aprill;1
2016;Ida-Viru maakond;Aprill;31
2016;Jõgeva maakond;Aprill;5
2016;Järva maakond;Aprill;7
2016;Lääne maakond;Aprill;7
2016;Lääne-Viru maakond;Aprill;11
2016;Põlva maakond;Aprill;3
2016;Pärnu maakond;Aprill;8
2016;Rapla maakond;Aprill;1
2016;Saare maakond;Aprill;3
2016;Tartu maakond;Aprill;30
2016;Valga maakond;Aprill;6
2016;Viljandi maakond;Aprill;11
2016;Võru maakond;Aprill;4
2017;Harju maakond;Aprill;128
2017;..Tallinn;Aprill;121
2017;Hiiu maakond;Aprill;2
2017;Ida-Viru maakond;Aprill;28
2017;Jõgeva maakond;Aprill;3
2017;Järva maakond;Aprill;5
2017;Lääne maakond;Aprill;3
2017;Lääne-Viru maakond;Aprill;5
2017;Põlva maakond;Aprill;2
2017;Pärnu maakond;Aprill;12
2017;Rapla maakond;Aprill;6
2017;Saare maakond;Aprill;4
2017;Tartu maakond;Aprill;34
2017;Valga maakond;Aprill;3
2017;Viljandi maakond;Aprill;11
2017;Võru maakond;Aprill;3
2018;Harju maakond;Aprill;120
2018;..Tallinn;Aprill;120
2018;Hiiu maakond;Aprill;0
2018;Ida-Viru maakond;Aprill;32
2018;Jõgeva maakond;Aprill;4
2018;Järva maakond;Aprill;4
2018;Lääne maakond;Aprill;7
2018;Lääne-Viru maakond;Aprill;10
2018;Põlva maakond;Aprill;0
2018;Pärnu maakond;Aprill;13
2018;Rapla maakond;Aprill;3
2018;Saare maakond;Aprill;3
2018;Tartu maakond;Aprill;23
2018;Valga maakond;Aprill;3
2018;Viljandi maakond;Aprill;3
2018;Võru maakond;Aprill;9
2019;Harju maakond;Aprill;101
2019;..Tallinn;Aprill;101
2019;Hiiu maakond;Aprill;0
2019;Ida-Viru maakond;Aprill;26
2019;Jõgeva maakond;Aprill;4
2019;Järva maakond;Aprill;5
2019;Lääne maakond;Aprill;5
2019;Lääne-Viru maakond;Aprill;10
2019;Põlva maakond;Aprill;3
2019;Pärnu maakond;Aprill;12
2019;Rapla maakond;Aprill;3
2019;Saare maakond;Aprill;3
2019;Tartu maakond;Aprill;30
2019;Valga maakond;Aprill;2
2019;Viljandi maakond;Aprill;7
2019;Võru maakond;Aprill;6
2020;Harju maakond;Aprill;43
2020;..Tallinn;Aprill;43
2020;Hiiu maakond;Aprill;2
2020;Ida-Viru maakond;Aprill;23
2020;Jõgeva maakond;Aprill;4
2020;Järva maakond;Aprill;2
2020;Lääne maakond;Aprill;3
2020;Lääne-Viru maakond;Aprill;9
2020;Põlva maakond;Aprill;1
2020;Pärnu maakond;Aprill;9
2020;Rapla maakond;Aprill;2
2020;Saare maakond;Aprill;5
2020;Tartu maakond;Aprill;15
2020;Valga maakond;Aprill;5
2020;Viljandi maakond;Aprill;5
2020;Võru maakond;Aprill;2
2006;Harju maakond;Mai;167
2006;..Tallinn;Mai;151
2006;Hiiu maakond;Mai;1
2006;Ida-Viru maakond;Mai;56
2006;Jõgeva maakond;Mai;4
2006;Järva maakond;Mai;4
2006;Lääne maakond;Mai;10
2006;Lääne-Viru maakond;Mai;17
2006;Põlva maakond;Mai;4
2006;Pärnu maakond;Mai;15
2006;Rapla maakond;Mai;7
2006;Saare maakond;Mai;3
2006;Tartu maakond;Mai;27
2006;Valga maakond;Mai;6
2006;Viljandi maakond;Mai;12
2006;Võru maakond;Mai;3
2007;Harju maakond;Mai;195
2007;..Tallinn;Mai;187
2007;Hiiu maakond;Mai;3
2007;Ida-Viru maakond;Mai;38
2007;Jõgeva maakond;Mai;10
2007;Järva maakond;Mai;8
2007;Lääne maakond;Mai;8
2007;Lääne-Viru maakond;Mai;19
2007;Põlva maakond;Mai;9
2007;Pärnu maakond;Mai;17
2007;Rapla maakond;Mai;6
2007;Saare maakond;Mai;9
2007;Tartu maakond;Mai;33
2007;Valga maakond;Mai;8
2007;Viljandi maakond;Mai;14
2007;Võru maakond;Mai;6
2008;Harju maakond;Mai;154
2008;..Tallinn;Mai;144
2008;Hiiu maakond;Mai;1
2008;Ida-Viru maakond;Mai;52
2008;Jõgeva maakond;Mai;10
2008;Järva maakond;Mai;4
2008;Lääne maakond;Mai;4
2008;Lääne-Viru maakond;Mai;15
2008;Põlva maakond;Mai;5
2008;Pärnu maakond;Mai;19
2008;Rapla maakond;Mai;6
2008;Saare maakond;Mai;5
2008;Tartu maakond;Mai;29
2008;Valga maakond;Mai;7
2008;Viljandi maakond;Mai;7
2008;Võru maakond;Mai;6
2009;Harju maakond;Mai;128
2009;..Tallinn;Mai;116
2009;Hiiu maakond;Mai;0
2009;Ida-Viru maakond;Mai;39
2009;Jõgeva maakond;Mai;6
2009;Järva maakond;Mai;4
2009;Lääne maakond;Mai;4
2009;Lääne-Viru maakond;Mai;13
2009;Põlva maakond;Mai;2
2009;Pärnu maakond;Mai;17
2009;Rapla maakond;Mai;3
2009;Saare maakond;Mai;2
2009;Tartu maakond;Mai;39
2009;Valga maakond;Mai;2
2009;Viljandi maakond;Mai;6
2009;Võru maakond;Mai;2
2010;Harju maakond;Mai;129
2010;..Tallinn;Mai;118
2010;Hiiu maakond;Mai;1
2010;Ida-Viru maakond;Mai;36
2010;Jõgeva maakond;Mai;1
2010;Järva maakond;Mai;5
2010;Lääne maakond;Mai;4
2010;Lääne-Viru maakond;Mai;10
2010;Põlva maakond;Mai;7
2010;Pärnu maakond;Mai;12
2010;Rapla maakond;Mai;3
2010;Saare maakond;Mai;6
2010;Tartu maakond;Mai;34
2010;Valga maakond;Mai;4
2010;Viljandi maakond;Mai;12
2010;Võru maakond;Mai;0
2011;Harju maakond;Mai;128
2011;..Tallinn;Mai;119
2011;Hiiu maakond;Mai;1
2011;Ida-Viru maakond;Mai;28
2011;Jõgeva maakond;Mai;2
2011;Järva maakond;Mai;7
2011;Lääne maakond;Mai;3
2011;Lääne-Viru maakond;Mai;12
2011;Põlva maakond;Mai;2
2011;Pärnu maakond;Mai;15
2011;Rapla maakond;Mai;1
2011;Saare maakond;Mai;7
2011;Tartu maakond;Mai;22
2011;Valga maakond;Mai;7
2011;Viljandi maakond;Mai;11
2011;Võru maakond;Mai;4
2012;Harju maakond;Mai;128
2012;..Tallinn;Mai;115
2012;Hiiu maakond;Mai;2
2012;Ida-Viru maakond;Mai;39
2012;Jõgeva maakond;Mai;3
2012;Järva maakond;Mai;3
2012;Lääne maakond;Mai;4
2012;Lääne-Viru maakond;Mai;15
2012;Põlva maakond;Mai;3
2012;Pärnu maakond;Mai;24
2012;Rapla maakond;Mai;7
2012;Saare maakond;Mai;4
2012;Tartu maakond;Mai;30
2012;Valga maakond;Mai;6
2012;Viljandi maakond;Mai;14
2012;Võru maakond;Mai;7
2013;Harju maakond;Mai;157
2013;..Tallinn;Mai;129
2013;Hiiu maakond;Mai;0
2013;Ida-Viru maakond;Mai;36
2013;Jõgeva maakond;Mai;6
2013;Järva maakond;Mai;4
2013;Lääne maakond;Mai;6
2013;Lääne-Viru maakond;Mai;18
2013;Põlva maakond;Mai;1
2013;Pärnu maakond;Mai;26
2013;Rapla maakond;Mai;4
2013;Saare maakond;Mai;5
2013;Tartu maakond;Mai;36
2013;Valga maakond;Mai;5
2013;Viljandi maakond;Mai;7
2013;Võru maakond;Mai;4
2014;Harju maakond;Mai;165
2014;..Tallinn;Mai;162
2014;Hiiu maakond;Mai;2
2014;Ida-Viru maakond;Mai;40
2014;Jõgeva maakond;Mai;5
2014;Järva maakond;Mai;3
2014;Lääne maakond;Mai;4
2014;Lääne-Viru maakond;Mai;11
2014;Põlva maakond;Mai;9
2014;Pärnu maakond;Mai;20
2014;Rapla maakond;Mai;2
2014;Saare maakond;Mai;6
2014;Tartu maakond;Mai;32
2014;Valga maakond;Mai;0
2014;Viljandi maakond;Mai;6
2014;Võru maakond;Mai;8
2015;Harju maakond;Mai;122
2015;..Tallinn;Mai;120
2015;Hiiu maakond;Mai;2
2015;Ida-Viru maakond;Mai;47
2015;Jõgeva maakond;Mai;3
2015;Järva maakond;Mai;6
2015;Lääne maakond;Mai;3
2015;Lääne-Viru maakond;Mai;12
2015;Põlva maakond;Mai;5
2015;Pärnu maakond;Mai;15
2015;Rapla maakond;Mai;4
2015;Saare maakond;Mai;4
2015;Tartu maakond;Mai;36
2015;Valga maakond;Mai;4
2015;Viljandi maakond;Mai;8
2015;Võru maakond;Mai;5
2016;Harju maakond;Mai;134
2016;..Tallinn;Mai;127
2016;Hiiu maakond;Mai;0
2016;Ida-Viru maakond;Mai;45
2016;Jõgeva maakond;Mai;3
2016;Järva maakond;Mai;4
2016;Lääne maakond;Mai;6
2016;Lääne-Viru maakond;Mai;11
2016;Põlva maakond;Mai;3
2016;Pärnu maakond;Mai;16
2016;Rapla maakond;Mai;5
2016;Saare maakond;Mai;3
2016;Tartu maakond;Mai;34
2016;Valga maakond;Mai;5
2016;Viljandi maakond;Mai;4
2016;Võru maakond;Mai;5
2017;Harju maakond;Mai;161
2017;..Tallinn;Mai;156
2017;Hiiu maakond;Mai;2
2017;Ida-Viru maakond;Mai;38
2017;Jõgeva maakond;Mai;3
2017;Järva maakond;Mai;2
2017;Lääne maakond;Mai;3
2017;Lääne-Viru maakond;Mai;17
2017;Põlva maakond;Mai;5
2017;Pärnu maakond;Mai;21
2017;Rapla maakond;Mai;1
2017;Saare maakond;Mai;9
2017;Tartu maakond;Mai;36
2017;Valga maakond;Mai;7
2017;Viljandi maakond;Mai;8
2017;Võru maakond;Mai;0
2018;Harju maakond;Mai;127
2018;..Tallinn;Mai;127
2018;Hiiu maakond;Mai;2
2018;Ida-Viru maakond;Mai;27
2018;Jõgeva maakond;Mai;2
2018;Järva maakond;Mai;3
2018;Lääne maakond;Mai;4
2018;Lääne-Viru maakond;Mai;16
2018;Põlva maakond;Mai;1
2018;Pärnu maakond;Mai;15
2018;Rapla maakond;Mai;2
2018;Saare maakond;Mai;3
2018;Tartu maakond;Mai;34
2018;Valga maakond;Mai;3
2018;Viljandi maakond;Mai;9
2018;Võru maakond;Mai;6
2019;Harju maakond;Mai;138
2019;..Tallinn;Mai;138
2019;Hiiu maakond;Mai;1
2019;Ida-Viru maakond;Mai;40
2019;Jõgeva maakond;Mai;3
2019;Järva maakond;Mai;4
2019;Lääne maakond;Mai;8
2019;Lääne-Viru maakond;Mai;6
2019;Põlva maakond;Mai;4
2019;Pärnu maakond;Mai;16
2019;Rapla maakond;Mai;3
2019;Saare maakond;Mai;4
2019;Tartu maakond;Mai;23
2019;Valga maakond;Mai;1
2019;Viljandi maakond;Mai;8
2019;Võru maakond;Mai;2
2020;Harju maakond;Mai;69
2020;..Tallinn;Mai;69
2020;Hiiu maakond;Mai;0
2020;Ida-Viru maakond;Mai;26
2020;Jõgeva maakond;Mai;2
2020;Järva maakond;Mai;1
2020;Lääne maakond;Mai;1
2020;Lääne-Viru maakond;Mai;10
2020;Põlva maakond;Mai;3
2020;Pärnu maakond;Mai;10
2020;Rapla maakond;Mai;3
2020;Saare maakond;Mai;6
2020;Tartu maakond;Mai;16
2020;Valga maakond;Mai;3
2020;Viljandi maakond;Mai;4
2020;Võru maakond;Mai;3
2006;Harju maakond;Juuni;136
2006;..Tallinn;Juuni;120
2006;Hiiu maakond;Juuni;2
2006;Ida-Viru maakond;Juuni;42
2006;Jõgeva maakond;Juuni;6
2006;Järva maakond;Juuni;6
2006;Lääne maakond;Juuni;7
2006;Lääne-Viru maakond;Juuni;12
2006;Põlva maakond;Juuni;6
2006;Pärnu maakond;Juuni;21
2006;Rapla maakond;Juuni;2
2006;Saare maakond;Juuni;6
2006;Tartu maakond;Juuni;32
2006;Valga maakond;Juuni;3
2006;Viljandi maakond;Juuni;11
2006;Võru maakond;Juuni;5
2007;Harju maakond;Juuni;122
2007;..Tallinn;Juuni;116
2007;Hiiu maakond;Juuni;2
2007;Ida-Viru maakond;Juuni;47
2007;Jõgeva maakond;Juuni;5
2007;Järva maakond;Juuni;6
2007;Lääne maakond;Juuni;4
2007;Lääne-Viru maakond;Juuni;21
2007;Põlva maakond;Juuni;4
2007;Pärnu maakond;Juuni;21
2007;Rapla maakond;Juuni;6
2007;Saare maakond;Juuni;7
2007;Tartu maakond;Juuni;34
2007;Valga maakond;Juuni;3
2007;Viljandi maakond;Juuni;9
2007;Võru maakond;Juuni;7
2008;Harju maakond;Juuni;136
2008;..Tallinn;Juuni;125
2008;Hiiu maakond;Juuni;0
2008;Ida-Viru maakond;Juuni;41
2008;Jõgeva maakond;Juuni;2
2008;Järva maakond;Juuni;7
2008;Lääne maakond;Juuni;7
2008;Lääne-Viru maakond;Juuni;9
2008;Põlva maakond;Juuni;5
2008;Pärnu maakond;Juuni;18
2008;Rapla maakond;Juuni;2
2008;Saare maakond;Juuni;8
2008;Tartu maakond;Juuni;30
2008;Valga maakond;Juuni;6
2008;Viljandi maakond;Juuni;7
2008;Võru maakond;Juuni;7
2009;Harju maakond;Juuni;129
2009;..Tallinn;Juuni;120
2009;Hiiu maakond;Juuni;2
2009;Ida-Viru maakond;Juuni;40
2009;Jõgeva maakond;Juuni;2
2009;Järva maakond;Juuni;6
2009;Lääne maakond;Juuni;6
2009;Lääne-Viru maakond;Juuni;9
2009;Põlva maakond;Juuni;3
2009;Pärnu maakond;Juuni;15
2009;Rapla maakond;Juuni;2
2009;Saare maakond;Juuni;2
2009;Tartu maakond;Juuni;24
2009;Valga maakond;Juuni;5
2009;Viljandi maakond;Juuni;8
2009;Võru maakond;Juuni;4
2010;Harju maakond;Juuni;117
2010;..Tallinn;Juuni;111
2010;Hiiu maakond;Juuni;0
2010;Ida-Viru maakond;Juuni;37
2010;Jõgeva maakond;Juuni;1
2010;Järva maakond;Juuni;1
2010;Lääne maakond;Juuni;3
2010;Lääne-Viru maakond;Juuni;11
2010;Põlva maakond;Juuni;4
2010;Pärnu maakond;Juuni;11
2010;Rapla maakond;Juuni;11
2010;Saare maakond;Juuni;6
2010;Tartu maakond;Juuni;28
2010;Valga maakond;Juuni;4
2010;Viljandi maakond;Juuni;11
2010;Võru maakond;Juuni;9
2011;Harju maakond;Juuni;130
2011;..Tallinn;Juuni;120
2011;Hiiu maakond;Juuni;1
2011;Ida-Viru maakond;Juuni;28
2011;Jõgeva maakond;Juuni;1
2011;Järva maakond;Juuni;3
2011;Lääne maakond;Juuni;2
2011;Lääne-Viru maakond;Juuni;10
2011;Põlva maakond;Juuni;1
2011;Pärnu maakond;Juuni;9
2011;Rapla maakond;Juuni;8
2011;Saare maakond;Juuni;4
2011;Tartu maakond;Juuni;30
2011;Valga maakond;Juuni;6
2011;Viljandi maakond;Juuni;8
2011;Võru maakond;Juuni;2
2012;Harju maakond;Juuni;120
2012;..Tallinn;Juuni;110
2012;Hiiu maakond;Juuni;0
2012;Ida-Viru maakond;Juuni;36
2012;Jõgeva maakond;Juuni;5
2012;Järva maakond;Juuni;5
2012;Lääne maakond;Juuni;3
2012;Lääne-Viru maakond;Juuni;13
2012;Põlva maakond;Juuni;1
2012;Pärnu maakond;Juuni;17
2012;Rapla maakond;Juuni;1
2012;Saare maakond;Juuni;3
2012;Tartu maakond;Juuni;26
2012;Valga maakond;Juuni;3
2012;Viljandi maakond;Juuni;7
2012;Võru maakond;Juuni;6
2013;Harju maakond;Juuni;106
2013;..Tallinn;Juuni;95
2013;Hiiu maakond;Juuni;0
2013;Ida-Viru maakond;Juuni;28
2013;Jõgeva maakond;Juuni;2
2013;Järva maakond;Juuni;6
2013;Lääne maakond;Juuni;3
2013;Lääne-Viru maakond;Juuni;8
2013;Põlva maakond;Juuni;6
2013;Pärnu maakond;Juuni;14
2013;Rapla maakond;Juuni;1
2013;Saare maakond;Juuni;3
2013;Tartu maakond;Juuni;22
2013;Valga maakond;Juuni;5
2013;Viljandi maakond;Juuni;4
2013;Võru maakond;Juuni;3
2014;Harju maakond;Juuni;136
2014;..Tallinn;Juuni;133
2014;Hiiu maakond;Juuni;0
2014;Ida-Viru maakond;Juuni;36
2014;Jõgeva maakond;Juuni;5
2014;Järva maakond;Juuni;3
2014;Lääne maakond;Juuni;6
2014;Lääne-Viru maakond;Juuni;6
2014;Põlva maakond;Juuni;3
2014;Pärnu maakond;Juuni;15
2014;Rapla maakond;Juuni;5
2014;Saare maakond;Juuni;3
2014;Tartu maakond;Juuni;28
2014;Valga maakond;Juuni;4
2014;Viljandi maakond;Juuni;4
2014;Võru maakond;Juuni;4
2015;Harju maakond;Juuni;87
2015;..Tallinn;Juuni;85
2015;Hiiu maakond;Juuni;0
2015;Ida-Viru maakond;Juuni;29
2015;Jõgeva maakond;Juuni;0
2015;Järva maakond;Juuni;3
2015;Lääne maakond;Juuni;1
2015;Lääne-Viru maakond;Juuni;10
2015;Põlva maakond;Juuni;2
2015;Pärnu maakond;Juuni;14
2015;Rapla maakond;Juuni;3
2015;Saare maakond;Juuni;4
2015;Tartu maakond;Juuni;24
2015;Valga maakond;Juuni;2
2015;Viljandi maakond;Juuni;4
2015;Võru maakond;Juuni;8
2016;Harju maakond;Juuni;127
2016;..Tallinn;Juuni;123
2016;Hiiu maakond;Juuni;3
2016;Ida-Viru maakond;Juuni;36
2016;Jõgeva maakond;Juuni;3
2016;Järva maakond;Juuni;6
2016;Lääne maakond;Juuni;2
2016;Lääne-Viru maakond;Juuni;11
2016;Põlva maakond;Juuni;2
2016;Pärnu maakond;Juuni;12
2016;Rapla maakond;Juuni;8
2016;Saare maakond;Juuni;6
2016;Tartu maakond;Juuni;21
2016;Valga maakond;Juuni;7
2016;Viljandi maakond;Juuni;5
2016;Võru maakond;Juuni;3
2017;Harju maakond;Juuni;129
2017;..Tallinn;Juuni;122
2017;Hiiu maakond;Juuni;0
2017;Ida-Viru maakond;Juuni;30
2017;Jõgeva maakond;Juuni;3
2017;Järva maakond;Juuni;7
2017;Lääne maakond;Juuni;1
2017;Lääne-Viru maakond;Juuni;9
2017;Põlva maakond;Juuni;0
2017;Pärnu maakond;Juuni;9
2017;Rapla maakond;Juuni;3
2017;Saare maakond;Juuni;3
2017;Tartu maakond;Juuni;16
2017;Valga maakond;Juuni;1
2017;Viljandi maakond;Juuni;13
2017;Võru maakond;Juuni;6
2018;Harju maakond;Juuni;141
2018;..Tallinn;Juuni;141
2018;Hiiu maakond;Juuni;0
2018;Ida-Viru maakond;Juuni;38
2018;Jõgeva maakond;Juuni;1
2018;Järva maakond;Juuni;3
2018;Lääne maakond;Juuni;2
2018;Lääne-Viru maakond;Juuni;5
2018;Põlva maakond;Juuni;2
2018;Pärnu maakond;Juuni;22
2018;Rapla maakond;Juuni;5
2018;Saare maakond;Juuni;1
2018;Tartu maakond;Juuni;19
2018;Valga maakond;Juuni;9
2018;Viljandi maakond;Juuni;4
2018;Võru maakond;Juuni;4
2019;Harju maakond;Juuni;130
2019;..Tallinn;Juuni;130
2019;Hiiu maakond;Juuni;2
2019;Ida-Viru maakond;Juuni;27
2019;Jõgeva maakond;Juuni;2
2019;Järva maakond;Juuni;5
2019;Lääne maakond;Juuni;3
2019;Lääne-Viru maakond;Juuni;6
2019;Põlva maakond;Juuni;2
2019;Pärnu maakond;Juuni;12
2019;Rapla maakond;Juuni;1
2019;Saare maakond;Juuni;5
2019;Tartu maakond;Juuni;29
2019;Valga maakond;Juuni;3
2019;Viljandi maakond;Juuni;2
2019;Võru maakond;Juuni;5
2020;Harju maakond;Juuni;121
2020;..Tallinn;Juuni;121
2020;Hiiu maakond;Juuni;3
2020;Ida-Viru maakond;Juuni;24
2020;Jõgeva maakond;Juuni;5
2020;Järva maakond;Juuni;3
2020;Lääne maakond;Juuni;2
2020;Lääne-Viru maakond;Juuni;8
2020;Põlva maakond;Juuni;2
2020;Pärnu maakond;Juuni;19
2020;Rapla maakond;Juuni;5
2020;Saare maakond;Juuni;1
2020;Tartu maakond;Juuni;26
2020;Valga maakond;Juuni;4
2020;Viljandi maakond;Juuni;7
2020;Võru maakond;Juuni;2
2006;Harju maakond;Juuli;154
2006;..Tallinn;Juuli;130
2006;Hiiu maakond;Juuli;0
2006;Ida-Viru maakond;Juuli;32
2006;Jõgeva maakond;Juuli;3
2006;Järva maakond;Juuli;9
2006;Lääne maakond;Juuli;3
2006;Lääne-Viru maakond;Juuli;14
2006;Põlva maakond;Juuli;3
2006;Pärnu maakond;Juuli;21
2006;Rapla maakond;Juuli;3
2006;Saare maakond;Juuli;1
2006;Tartu maakond;Juuli;42
2006;Valga maakond;Juuli;6
2006;Viljandi maakond;Juuli;11
2006;Võru maakond;Juuli;4
2007;Harju maakond;Juuli;175
2007;..Tallinn;Juuli;156
2007;Hiiu maakond;Juuli;3
2007;Ida-Viru maakond;Juuli;38
2007;Jõgeva maakond;Juuli;7
2007;Järva maakond;Juuli;5
2007;Lääne maakond;Juuli;7
2007;Lääne-Viru maakond;Juuli;14
2007;Põlva maakond;Juuli;4
2007;Pärnu maakond;Juuli;21
2007;Rapla maakond;Juuli;7
2007;Saare maakond;Juuli;2
2007;Tartu maakond;Juuli;33
2007;Valga maakond;Juuli;10
2007;Viljandi maakond;Juuli;14
2007;Võru maakond;Juuli;2
2008;Harju maakond;Juuli;136
2008;..Tallinn;Juuli;124
2008;Hiiu maakond;Juuli;0
2008;Ida-Viru maakond;Juuli;44
2008;Jõgeva maakond;Juuli;6
2008;Järva maakond;Juuli;8
2008;Lääne maakond;Juuli;5
2008;Lääne-Viru maakond;Juuli;12
2008;Põlva maakond;Juuli;5
2008;Pärnu maakond;Juuli;18
2008;Rapla maakond;Juuli;9
2008;Saare maakond;Juuli;7
2008;Tartu maakond;Juuli;39
2008;Valga maakond;Juuli;3
2008;Viljandi maakond;Juuli;3
2008;Võru maakond;Juuli;4
2009;Harju maakond;Juuli;114
2009;..Tallinn;Juuli;103
2009;Hiiu maakond;Juuli;0
2009;Ida-Viru maakond;Juuli;42
2009;Jõgeva maakond;Juuli;6
2009;Järva maakond;Juuli;3
2009;Lääne maakond;Juuli;5
2009;Lääne-Viru maakond;Juuli;9
2009;Põlva maakond;Juuli;3
2009;Pärnu maakond;Juuli;13
2009;Rapla maakond;Juuli;4
2009;Saare maakond;Juuli;3
2009;Tartu maakond;Juuli;29
2009;Valga maakond;Juuli;4
2009;Viljandi maakond;Juuli;8
2009;Võru maakond;Juuli;2
2010;Harju maakond;Juuli;117
2010;..Tallinn;Juuli;114
2010;Hiiu maakond;Juuli;0
2010;Ida-Viru maakond;Juuli;32
2010;Jõgeva maakond;Juuli;3
2010;Järva maakond;Juuli;3
2010;Lääne maakond;Juuli;2
2010;Lääne-Viru maakond;Juuli;3
2010;Põlva maakond;Juuli;1
2010;Pärnu maakond;Juuli;11
2010;Rapla maakond;Juuli;1
2010;Saare maakond;Juuli;5
2010;Tartu maakond;Juuli;22
2010;Valga maakond;Juuli;2
2010;Viljandi maakond;Juuli;8
2010;Võru maakond;Juuli;2
2011;Harju maakond;Juuli;105
2011;..Tallinn;Juuli;99
2011;Hiiu maakond;Juuli;0
2011;Ida-Viru maakond;Juuli;29
2011;Jõgeva maakond;Juuli;3
2011;Järva maakond;Juuli;5
2011;Lääne maakond;Juuli;3
2011;Lääne-Viru maakond;Juuli;7
2011;Põlva maakond;Juuli;4
2011;Pärnu maakond;Juuli;16
2011;Rapla maakond;Juuli;2
2011;Saare maakond;Juuli;2
2011;Tartu maakond;Juuli;26
2011;Valga maakond;Juuli;9
2011;Viljandi maakond;Juuli;6
2011;Võru maakond;Juuli;7
2012;Harju maakond;Juuli;141
2012;..Tallinn;Juuli;136
2012;Hiiu maakond;Juuli;1
2012;Ida-Viru maakond;Juuli;43
2012;Jõgeva maakond;Juuli;2
2012;Järva maakond;Juuli;5
2012;Lääne maakond;Juuli;4
2012;Lääne-Viru maakond;Juuli;13
2012;Põlva maakond;Juuli;2
2012;Pärnu maakond;Juuli;15
2012;Rapla maakond;Juuli;2
2012;Saare maakond;Juuli;3
2012;Tartu maakond;Juuli;27
2012;Valga maakond;Juuli;6
2012;Viljandi maakond;Juuli;9
2012;Võru maakond;Juuli;3
2013;Harju maakond;Juuli;143
2013;..Tallinn;Juuli;130
2013;Hiiu maakond;Juuli;2
2013;Ida-Viru maakond;Juuli;33
2013;Jõgeva maakond;Juuli;3
2013;Järva maakond;Juuli;9
2013;Lääne maakond;Juuli;5
2013;Lääne-Viru maakond;Juuli;9
2013;Põlva maakond;Juuli;9
2013;Pärnu maakond;Juuli;15
2013;Rapla maakond;Juuli;3
2013;Saare maakond;Juuli;6
2013;Tartu maakond;Juuli;17
2013;Valga maakond;Juuli;2
2013;Viljandi maakond;Juuli;7
2013;Võru maakond;Juuli;0
2014;Harju maakond;Juuli;148
2014;..Tallinn;Juuli;146
2014;Hiiu maakond;Juuli;1
2014;Ida-Viru maakond;Juuli;33
2014;Jõgeva maakond;Juuli;1
2014;Järva maakond;Juuli;3
2014;Lääne maakond;Juuli;4
2014;Lääne-Viru maakond;Juuli;3
2014;Põlva maakond;Juuli;5
2014;Pärnu maakond;Juuli;16
2014;Rapla maakond;Juuli;3
2014;Saare maakond;Juuli;6
2014;Tartu maakond;Juuli;44
2014;Valga maakond;Juuli;4
2014;Viljandi maakond;Juuli;5
2014;Võru maakond;Juuli;2
2015;Harju maakond;Juuli;140
2015;..Tallinn;Juuli;135
2015;Hiiu maakond;Juuli;3
2015;Ida-Viru maakond;Juuli;40
2015;Jõgeva maakond;Juuli;1
2015;Järva maakond;Juuli;4
2015;Lääne maakond;Juuli;1
2015;Lääne-Viru maakond;Juuli;4
2015;Põlva maakond;Juuli;2
2015;Pärnu maakond;Juuli;17
2015;Rapla maakond;Juuli;9
2015;Saare maakond;Juuli;4
2015;Tartu maakond;Juuli;18
2015;Valga maakond;Juuli;2
2015;Viljandi maakond;Juuli;7
2015;Võru maakond;Juuli;7
2016;Harju maakond;Juuli;116
2016;..Tallinn;Juuli;110
2016;Hiiu maakond;Juuli;2
2016;Ida-Viru maakond;Juuli;32
2016;Jõgeva maakond;Juuli;3
2016;Järva maakond;Juuli;5
2016;Lääne maakond;Juuli;5
2016;Lääne-Viru maakond;Juuli;12
2016;Põlva maakond;Juuli;2
2016;Pärnu maakond;Juuli;10
2016;Rapla maakond;Juuli;4
2016;Saare maakond;Juuli;1
2016;Tartu maakond;Juuli;21
2016;Valga maakond;Juuli;4
2016;Viljandi maakond;Juuli;11
2016;Võru maakond;Juuli;2
2017;Harju maakond;Juuli;121
2017;..Tallinn;Juuli;111
2017;Hiiu maakond;Juuli;1
2017;Ida-Viru maakond;Juuli;26
2017;Jõgeva maakond;Juuli;2
2017;Järva maakond;Juuli;3
2017;Lääne maakond;Juuli;6
2017;Lääne-Viru maakond;Juuli;12
2017;Põlva maakond;Juuli;4
2017;Pärnu maakond;Juuli;10
2017;Rapla maakond;Juuli;9
2017;Saare maakond;Juuli;7
2017;Tartu maakond;Juuli;24
2017;Valga maakond;Juuli;1
2017;Viljandi maakond;Juuli;7
2017;Võru maakond;Juuli;6
2018;Harju maakond;Juuli;146
2018;..Tallinn;Juuli;146
2018;Hiiu maakond;Juuli;0
2018;Ida-Viru maakond;Juuli;30
2018;Jõgeva maakond;Juuli;5
2018;Järva maakond;Juuli;6
2018;Lääne maakond;Juuli;1
2018;Lääne-Viru maakond;Juuli;9
2018;Põlva maakond;Juuli;1
2018;Pärnu maakond;Juuli;9
2018;Rapla maakond;Juuli;5
2018;Saare maakond;Juuli;1
2018;Tartu maakond;Juuli;22
2018;Valga maakond;Juuli;1
2018;Viljandi maakond;Juuli;9
2018;Võru maakond;Juuli;5
2019;Harju maakond;Juuli;126
2019;..Tallinn;Juuli;126
2019;Hiiu maakond;Juuli;0
2019;Ida-Viru maakond;Juuli;41
2019;Jõgeva maakond;Juuli;2
2019;Järva maakond;Juuli;5
2019;Lääne maakond;Juuli;2
2019;Lääne-Viru maakond;Juuli;8
2019;Põlva maakond;Juuli;1
2019;Pärnu maakond;Juuli;5
2019;Rapla maakond;Juuli;5
2019;Saare maakond;Juuli;4
2019;Tartu maakond;Juuli;37
2019;Valga maakond;Juuli;2
2019;Viljandi maakond;Juuli;9
2019;Võru maakond;Juuli;10
2020;Harju maakond;Juuli;179
2020;..Tallinn;Juuli;179
2020;Hiiu maakond;Juuli;1
2020;Ida-Viru maakond;Juuli;53
2020;Jõgeva maakond;Juuli;3
2020;Järva maakond;Juuli;2
2020;Lääne maakond;Juuli;2
2020;Lääne-Viru maakond;Juuli;9
2020;Põlva maakond;Juuli;3
2020;Pärnu maakond;Juuli;17
2020;Rapla maakond;Juuli;1
2020;Saare maakond;Juuli;5
2020;Tartu maakond;Juuli;31
2020;Valga maakond;Juuli;4
2020;Viljandi maakond;Juuli;11
2020;Võru maakond;Juuli;6
2006;Harju maakond;August;168
2006;..Tallinn;August;153
2006;Hiiu maakond;August;0
2006;Ida-Viru maakond;August;50
2006;Jõgeva maakond;August;8
2006;Järva maakond;August;10
2006;Lääne maakond;August;8
2006;Lääne-Viru maakond;August;16
2006;Põlva maakond;August;7
2006;Pärnu maakond;August;20
2006;Rapla maakond;August;4
2006;Saare maakond;August;6
2006;Tartu maakond;August;35
2006;Valga maakond;August;7
2006;Viljandi maakond;August;9
2006;Võru maakond;August;2
2007;Harju maakond;August;146
2007;..Tallinn;August;134
2007;Hiiu maakond;August;0
2007;Ida-Viru maakond;August;47
2007;Jõgeva maakond;August;7
2007;Järva maakond;August;9
2007;Lääne maakond;August;4
2007;Lääne-Viru maakond;August;13
2007;Põlva maakond;August;7
2007;Pärnu maakond;August;24
2007;Rapla maakond;August;4
2007;Saare maakond;August;4
2007;Tartu maakond;August;31
2007;Valga maakond;August;6
2007;Viljandi maakond;August;13
2007;Võru maakond;August;2
2008;Harju maakond;August;130
2008;..Tallinn;August;115
2008;Hiiu maakond;August;0
2008;Ida-Viru maakond;August;37
2008;Jõgeva maakond;August;7
2008;Järva maakond;August;9
2008;Lääne maakond;August;3
2008;Lääne-Viru maakond;August;11
2008;Põlva maakond;August;9
2008;Pärnu maakond;August;24
2008;Rapla maakond;August;4
2008;Saare maakond;August;4
2008;Tartu maakond;August;24
2008;Valga maakond;August;10
2008;Viljandi maakond;August;10
2008;Võru maakond;August;1
2009;Harju maakond;August;124
2009;..Tallinn;August;119
2009;Hiiu maakond;August;0
2009;Ida-Viru maakond;August;49
2009;Jõgeva maakond;August;4
2009;Järva maakond;August;5
2009;Lääne maakond;August;0
2009;Lääne-Viru maakond;August;5
2009;Põlva maakond;August;5
2009;Pärnu maakond;August;9
2009;Rapla maakond;August;1
2009;Saare maakond;August;4
2009;Tartu maakond;August;24
2009;Valga maakond;August;1
2009;Viljandi maakond;August;5
2009;Võru maakond;August;6
2010;Harju maakond;August;120
2010;..Tallinn;August;118
2010;Hiiu maakond;August;2
2010;Ida-Viru maakond;August;45
2010;Jõgeva maakond;August;2
2010;Järva maakond;August;5
2010;Lääne maakond;August;4
2010;Lääne-Viru maakond;August;8
2010;Põlva maakond;August;1
2010;Pärnu maakond;August;13
2010;Rapla maakond;August;7
2010;Saare maakond;August;2
2010;Tartu maakond;August;31
2010;Valga maakond;August;4
2010;Viljandi maakond;August;4
2010;Võru maakond;August;7
2011;Harju maakond;August;115
2011;..Tallinn;August;113
2011;Hiiu maakond;August;0
2011;Ida-Viru maakond;August;46
2011;Jõgeva maakond;August;7
2011;Järva maakond;August;4
2011;Lääne maakond;August;3
2011;Lääne-Viru maakond;August;13
2011;Põlva maakond;August;6
2011;Pärnu maakond;August;16
2011;Rapla maakond;August;3
2011;Saare maakond;August;3
2011;Tartu maakond;August;32
2011;Valga maakond;August;3
2011;Viljandi maakond;August;4
2011;Võru maakond;August;3
2012;Harju maakond;August;128
2012;..Tallinn;August;121
2012;Hiiu maakond;August;1
2012;Ida-Viru maakond;August;37
2012;Jõgeva maakond;August;4
2012;Järva maakond;August;7
2012;Lääne maakond;August;4
2012;Lääne-Viru maakond;August;8
2012;Põlva maakond;August;5
2012;Pärnu maakond;August;15
2012;Rapla maakond;August;1
2012;Saare maakond;August;2
2012;Tartu maakond;August;25
2012;Valga maakond;August;2
2012;Viljandi maakond;August;8
2012;Võru maakond;August;3
2013;Harju maakond;August;143
2013;..Tallinn;August;131
2013;Hiiu maakond;August;2
2013;Ida-Viru maakond;August;46
2013;Jõgeva maakond;August;3
2013;Järva maakond;August;6
2013;Lääne maakond;August;8
2013;Lääne-Viru maakond;August;15
2013;Põlva maakond;August;5
2013;Pärnu maakond;August;21
2013;Rapla maakond;August;4
2013;Saare maakond;August;3
2013;Tartu maakond;August;26
2013;Valga maakond;August;6
2013;Viljandi maakond;August;9
2013;Võru maakond;August;7
2014;Harju maakond;August;107
2014;..Tallinn;August;103
2014;Hiiu maakond;August;1
2014;Ida-Viru maakond;August;36
2014;Jõgeva maakond;August;1
2014;Järva maakond;August;2
2014;Lääne maakond;August;4
2014;Lääne-Viru maakond;August;12
2014;Põlva maakond;August;5
2014;Pärnu maakond;August;14
2014;Rapla maakond;August;3
2014;Saare maakond;August;6
2014;Tartu maakond;August;31
2014;Valga maakond;August;6
2014;Viljandi maakond;August;6
2014;Võru maakond;August;3
2015;Harju maakond;August;115
2015;..Tallinn;August;111
2015;Hiiu maakond;August;2
2015;Ida-Viru maakond;August;24
2015;Jõgeva maakond;August;0
2015;Järva maakond;August;5
2015;Lääne maakond;August;3
2015;Lääne-Viru maakond;August;12
2015;Põlva maakond;August;2
2015;Pärnu maakond;August;11
2015;Rapla maakond;August;6
2015;Saare maakond;August;1
2015;Tartu maakond;August;39
2015;Valga maakond;August;5
2015;Viljandi maakond;August;7
2015;Võru maakond;August;4
2016;Harju maakond;August;107
2016;..Tallinn;August;103
2016;Hiiu maakond;August;1
2016;Ida-Viru maakond;August;24
2016;Jõgeva maakond;August;3
2016;Järva maakond;August;6
2016;Lääne maakond;August;3
2016;Lääne-Viru maakond;August;4
2016;Põlva maakond;August;5
2016;Pärnu maakond;August;21
2016;Rapla maakond;August;3
2016;Saare maakond;August;2
2016;Tartu maakond;August;29
2016;Valga maakond;August;4
2016;Viljandi maakond;August;9
2016;Võru maakond;August;4
2017;Harju maakond;August;153
2017;..Tallinn;August;146
2017;Hiiu maakond;August;2
2017;Ida-Viru maakond;August;27
2017;Jõgeva maakond;August;4
2017;Järva maakond;August;2
2017;Lääne maakond;August;3
2017;Lääne-Viru maakond;August;6
2017;Põlva maakond;August;4
2017;Pärnu maakond;August;7
2017;Rapla maakond;August;4
2017;Saare maakond;August;8
2017;Tartu maakond;August;27
2017;Valga maakond;August;7
2017;Viljandi maakond;August;9
2017;Võru maakond;August;4
2018;Harju maakond;August;123
2018;..Tallinn;August;123
2018;Hiiu maakond;August;2
2018;Ida-Viru maakond;August;34
2018;Jõgeva maakond;August;2
2018;Järva maakond;August;6
2018;Lääne maakond;August;2
2018;Lääne-Viru maakond;August;13
2018;Põlva maakond;August;1
2018;Pärnu maakond;August;10
2018;Rapla maakond;August;5
2018;Saare maakond;August;4
2018;Tartu maakond;August;23
2018;Valga maakond;August;3
2018;Viljandi maakond;August;6
2018;Võru maakond;August;4
2019;Harju maakond;August;128
2019;..Tallinn;August;128
2019;Hiiu maakond;August;0
2019;Ida-Viru maakond;August;35
2019;Jõgeva maakond;August;3
2019;Järva maakond;August;3
2019;Lääne maakond;August;2
2019;Lääne-Viru maakond;August;11
2019;Põlva maakond;August;2
2019;Pärnu maakond;August;10
2019;Rapla maakond;August;6
2019;Saare maakond;August;5
2019;Tartu maakond;August;23
2019;Valga maakond;August;5
2019;Viljandi maakond;August;12
2019;Võru maakond;August;5
2020;Harju maakond;August;136
2020;..Tallinn;August;136
2020;Hiiu maakond;August;1
2020;Ida-Viru maakond;August;46
2020;Jõgeva maakond;August;2
2020;Järva maakond;August;5
2020;Lääne maakond;August;5
2020;Lääne-Viru maakond;August;14
2020;Põlva maakond;August;6
2020;Pärnu maakond;August;6
2020;Rapla maakond;August;8
2020;Saare maakond;August;8
2020;Tartu maakond;August;22
2020;Valga maakond;August;2
2020;Viljandi maakond;August;6
2020;Võru maakond;August;3
2006;Harju maakond;September;143
2006;..Tallinn;September;128
2006;Hiiu maakond;September;1
2006;Ida-Viru maakond;September;41
2006;Jõgeva maakond;September;8
2006;Järva maakond;September;8
2006;Lääne maakond;September;3
2006;Lääne-Viru maakond;September;11
2006;Põlva maakond;September;7
2006;Pärnu maakond;September;21
2006;Rapla maakond;September;3
2006;Saare maakond;September;9
2006;Tartu maakond;September;35
2006;Valga maakond;September;7
2006;Viljandi maakond;September;6
2006;Võru maakond;September;9
2007;Harju maakond;September;144
2007;..Tallinn;September;139
2007;Hiiu maakond;September;0
2007;Ida-Viru maakond;September;32
2007;Jõgeva maakond;September;3
2007;Järva maakond;September;5
2007;Lääne maakond;September;3
2007;Lääne-Viru maakond;September;15
2007;Põlva maakond;September;7
2007;Pärnu maakond;September;18
2007;Rapla maakond;September;8
2007;Saare maakond;September;4
2007;Tartu maakond;September;31
2007;Valga maakond;September;5
2007;Viljandi maakond;September;9
2007;Võru maakond;September;8
2008;Harju maakond;September;115
2008;..Tallinn;September;111
2008;Hiiu maakond;September;0
2008;Ida-Viru maakond;September;39
2008;Jõgeva maakond;September;6
2008;Järva maakond;September;8
2008;Lääne maakond;September;6
2008;Lääne-Viru maakond;September;13
2008;Põlva maakond;September;3
2008;Pärnu maakond;September;14
2008;Rapla maakond;September;4
2008;Saare maakond;September;5
2008;Tartu maakond;September;27
2008;Valga maakond;September;5
2008;Viljandi maakond;September;7
2008;Võru maakond;September;9
2009;Harju maakond;September;118
2009;..Tallinn;September;109
2009;Hiiu maakond;September;1
2009;Ida-Viru maakond;September;29
2009;Jõgeva maakond;September;3
2009;Järva maakond;September;8
2009;Lääne maakond;September;6
2009;Lääne-Viru maakond;September;9
2009;Põlva maakond;September;3
2009;Pärnu maakond;September;8
2009;Rapla maakond;September;3
2009;Saare maakond;September;7
2009;Tartu maakond;September;30
2009;Valga maakond;September;4
2009;Viljandi maakond;September;8
2009;Võru maakond;September;5
2010;Harju maakond;September;120
2010;..Tallinn;September;113
2010;Hiiu maakond;September;1
2010;Ida-Viru maakond;September;43
2010;Jõgeva maakond;September;2
2010;Järva maakond;September;5
2010;Lääne maakond;September;6
2010;Lääne-Viru maakond;September;6
2010;Põlva maakond;September;4
2010;Pärnu maakond;September;17
2010;Rapla maakond;September;8
2010;Saare maakond;September;4
2010;Tartu maakond;September;23
2010;Valga maakond;September;4
2010;Viljandi maakond;September;10
2010;Võru maakond;September;5
2011;Harju maakond;September;131
2011;..Tallinn;September;122
2011;Hiiu maakond;September;1
2011;Ida-Viru maakond;September;53
2011;Jõgeva maakond;September;4
2011;Järva maakond;September;3
2011;Lääne maakond;September;7
2011;Lääne-Viru maakond;September;10
2011;Põlva maakond;September;5
2011;Pärnu maakond;September;15
2011;Rapla maakond;September;4
2011;Saare maakond;September;3
2011;Tartu maakond;September;27
2011;Valga maakond;September;3
2011;Viljandi maakond;September;9
2011;Võru maakond;September;4
2012;Harju maakond;September;120
2012;..Tallinn;September;111
2012;Hiiu maakond;September;0
2012;Ida-Viru maakond;September;38
2012;Jõgeva maakond;September;1
2012;Järva maakond;September;6
2012;Lääne maakond;September;3
2012;Lääne-Viru maakond;September;7
2012;Põlva maakond;September;7
2012;Pärnu maakond;September;20
2012;Rapla maakond;September;2
2012;Saare maakond;September;3
2012;Tartu maakond;September;23
2012;Valga maakond;September;4
2012;Viljandi maakond;September;7
2012;Võru maakond;September;2
2013;Harju maakond;September;130
2013;..Tallinn;September;120
2013;Hiiu maakond;September;0
2013;Ida-Viru maakond;September;39
2013;Jõgeva maakond;September;3
2013;Järva maakond;September;8
2013;Lääne maakond;September;5
2013;Lääne-Viru maakond;September;13
2013;Põlva maakond;September;1
2013;Pärnu maakond;September;16
2013;Rapla maakond;September;5
2013;Saare maakond;September;5
2013;Tartu maakond;September;26
2013;Valga maakond;September;2
2013;Viljandi maakond;September;7
2013;Võru maakond;September;6
2014;Harju maakond;September;132
2014;..Tallinn;September;126
2014;Hiiu maakond;September;2
2014;Ida-Viru maakond;September;35
2014;Jõgeva maakond;September;5
2014;Järva maakond;September;6
2014;Lääne maakond;September;7
2014;Lääne-Viru maakond;September;13
2014;Põlva maakond;September;5
2014;Pärnu maakond;September;14
2014;Rapla maakond;September;3
2014;Saare maakond;September;5
2014;Tartu maakond;September;37
2014;Valga maakond;September;2
2014;Viljandi maakond;September;3
2014;Võru maakond;September;6
2015;Harju maakond;September;141
2015;..Tallinn;September;137
2015;Hiiu maakond;September;1
2015;Ida-Viru maakond;September;34
2015;Jõgeva maakond;September;5
2015;Järva maakond;September;1
2015;Lääne maakond;September;2
2015;Lääne-Viru maakond;September;10
2015;Põlva maakond;September;4
2015;Pärnu maakond;September;13
2015;Rapla maakond;September;3
2015;Saare maakond;September;1
2015;Tartu maakond;September;35
2015;Valga maakond;September;2
2015;Viljandi maakond;September;13
2015;Võru maakond;September;5
2016;Harju maakond;September;155
2016;..Tallinn;September;150
2016;Hiiu maakond;September;6
2016;Ida-Viru maakond;September;29
2016;Jõgeva maakond;September;3
2016;Järva maakond;September;4
2016;Lääne maakond;September;2
2016;Lääne-Viru maakond;September;8
2016;Põlva maakond;September;1
2016;Pärnu maakond;September;16
2016;Rapla maakond;September;1
2016;Saare maakond;September;5
2016;Tartu maakond;September;24
2016;Valga maakond;September;3
2016;Viljandi maakond;September;9
2016;Võru maakond;September;5
2017;Harju maakond;September;144
2017;..Tallinn;September;141
2017;Hiiu maakond;September;1
2017;Ida-Viru maakond;September;43
2017;Jõgeva maakond;September;5
2017;Järva maakond;September;4
2017;Lääne maakond;September;1
2017;Lääne-Viru maakond;September;14
2017;Põlva maakond;September;0
2017;Pärnu maakond;September;15
2017;Rapla maakond;September;7
2017;Saare maakond;September;5
2017;Tartu maakond;September;25
2017;Valga maakond;September;4
2017;Viljandi maakond;September;7
2017;Võru maakond;September;8
2018;Harju maakond;September;126
2018;..Tallinn;September;126
2018;Hiiu maakond;September;0
2018;Ida-Viru maakond;September;49
2018;Jõgeva maakond;September;4
2018;Järva maakond;September;7
2018;Lääne maakond;September;7
2018;Lääne-Viru maakond;September;14
2018;Põlva maakond;September;2
2018;Pärnu maakond;September;14
2018;Rapla maakond;September;5
2018;Saare maakond;September;5
2018;Tartu maakond;September;31
2018;Valga maakond;September;5
2018;Viljandi maakond;September;2
2018;Võru maakond;September;3
2019;Harju maakond;September;141
2019;..Tallinn;September;141
2019;Hiiu maakond;September;4
2019;Ida-Viru maakond;September;33
2019;Jõgeva maakond;September;3
2019;Järva maakond;September;7
2019;Lääne maakond;September;3
2019;Lääne-Viru maakond;September;8
2019;Põlva maakond;September;3
2019;Pärnu maakond;September;16
2019;Rapla maakond;September;3
2019;Saare maakond;September;3
2019;Tartu maakond;September;28
2019;Valga maakond;September;6
2019;Viljandi maakond;September;2
2019;Võru maakond;September;1
2020;Harju maakond;September;162
2020;..Tallinn;September;162
2020;Hiiu maakond;September;1
2020;Ida-Viru maakond;September;51
2020;Jõgeva maakond;September;1
2020;Järva maakond;September;4
2020;Lääne maakond;September;2
2020;Lääne-Viru maakond;September;11
2020;Põlva maakond;September;3
2020;Pärnu maakond;September;19
2020;Rapla maakond;September;2
2020;Saare maakond;September;5
2020;Tartu maakond;September;30
2020;Valga maakond;September;2
2020;Viljandi maakond;September;9
2020;Võru maakond;September;2
2006;Harju maakond;Oktoober;174
2006;..Tallinn;Oktoober;161
2006;Hiiu maakond;Oktoober;2
2006;Ida-Viru maakond;Oktoober;48
2006;Jõgeva maakond;Oktoober;6
2006;Järva maakond;Oktoober;13
2006;Lääne maakond;Oktoober;3
2006;Lääne-Viru maakond;Oktoober;15
2006;Põlva maakond;Oktoober;6
2006;Pärnu maakond;Oktoober;23
2006;Rapla maakond;Oktoober;6
2006;Saare maakond;Oktoober;5
2006;Tartu maakond;Oktoober;45
2006;Valga maakond;Oktoober;3
2006;Viljandi maakond;Oktoober;8
2006;Võru maakond;Oktoober;5
2007;Harju maakond;Oktoober;158
2007;..Tallinn;Oktoober;143
2007;Hiiu maakond;Oktoober;0
2007;Ida-Viru maakond;Oktoober;40
2007;Jõgeva maakond;Oktoober;5
2007;Järva maakond;Oktoober;6
2007;Lääne maakond;Oktoober;5
2007;Lääne-Viru maakond;Oktoober;13
2007;Põlva maakond;Oktoober;6
2007;Pärnu maakond;Oktoober;27
2007;Rapla maakond;Oktoober;12
2007;Saare maakond;Oktoober;9
2007;Tartu maakond;Oktoober;33
2007;Valga maakond;Oktoober;10
2007;Viljandi maakond;Oktoober;14
2007;Võru maakond;Oktoober;8
2008;Harju maakond;Oktoober;146
2008;..Tallinn;Oktoober;130
2008;Hiiu maakond;Oktoober;1
2008;Ida-Viru maakond;Oktoober;46
2008;Jõgeva maakond;Oktoober;11
2008;Järva maakond;Oktoober;5
2008;Lääne maakond;Oktoober;5
2008;Lääne-Viru maakond;Oktoober;9
2008;Põlva maakond;Oktoober;7
2008;Pärnu maakond;Oktoober;21
2008;Rapla maakond;Oktoober;1
2008;Saare maakond;Oktoober;3
2008;Tartu maakond;Oktoober;26
2008;Valga maakond;Oktoober;7
2008;Viljandi maakond;Oktoober;10
2008;Võru maakond;Oktoober;4
2009;Harju maakond;Oktoober;153
2009;..Tallinn;Oktoober;148
2009;Hiiu maakond;Oktoober;2
2009;Ida-Viru maakond;Oktoober;39
2009;Jõgeva maakond;Oktoober;2
2009;Järva maakond;Oktoober;6
2009;Lääne maakond;Oktoober;3
2009;Lääne-Viru maakond;Oktoober;11
2009;Põlva maakond;Oktoober;2
2009;Pärnu maakond;Oktoober;12
2009;Rapla maakond;Oktoober;6
2009;Saare maakond;Oktoober;4
2009;Tartu maakond;Oktoober;21
2009;Valga maakond;Oktoober;2
2009;Viljandi maakond;Oktoober;11
2009;Võru maakond;Oktoober;4
2010;Harju maakond;Oktoober;109
2010;..Tallinn;Oktoober;105
2010;Hiiu maakond;Oktoober;2
2010;Ida-Viru maakond;Oktoober;42
2010;Jõgeva maakond;Oktoober;0
2010;Järva maakond;Oktoober;7
2010;Lääne maakond;Oktoober;4
2010;Lääne-Viru maakond;Oktoober;6
2010;Põlva maakond;Oktoober;3
2010;Pärnu maakond;Oktoober;17
2010;Rapla maakond;Oktoober;3
2010;Saare maakond;Oktoober;4
2010;Tartu maakond;Oktoober;35
2010;Valga maakond;Oktoober;2
2010;Viljandi maakond;Oktoober;6
2010;Võru maakond;Oktoober;5
2011;Harju maakond;Oktoober;159
2011;..Tallinn;Oktoober;144
2011;Hiiu maakond;Oktoober;0
2011;Ida-Viru maakond;Oktoober;50
2011;Jõgeva maakond;Oktoober;4
2011;Järva maakond;Oktoober;4
2011;Lääne maakond;Oktoober;6
2011;Lääne-Viru maakond;Oktoober;13
2011;Põlva maakond;Oktoober;6
2011;Pärnu maakond;Oktoober;9
2011;Rapla maakond;Oktoober;3
2011;Saare maakond;Oktoober;5
2011;Tartu maakond;Oktoober;27
2011;Valga maakond;Oktoober;6
2011;Viljandi maakond;Oktoober;5
2011;Võru maakond;Oktoober;5
2012;Harju maakond;Oktoober;148
2012;..Tallinn;Oktoober;139
2012;Hiiu maakond;Oktoober;0
2012;Ida-Viru maakond;Oktoober;49
2012;Jõgeva maakond;Oktoober;3
2012;Järva maakond;Oktoober;5
2012;Lääne maakond;Oktoober;8
2012;Lääne-Viru maakond;Oktoober;13
2012;Põlva maakond;Oktoober;2
2012;Pärnu maakond;Oktoober;15
2012;Rapla maakond;Oktoober;7
2012;Saare maakond;Oktoober;5
2012;Tartu maakond;Oktoober;31
2012;Valga maakond;Oktoober;2
2012;Viljandi maakond;Oktoober;5
2012;Võru maakond;Oktoober;8
2013;Harju maakond;Oktoober;158
2013;..Tallinn;Oktoober;146
2013;Hiiu maakond;Oktoober;2
2013;Ida-Viru maakond;Oktoober;54
2013;Jõgeva maakond;Oktoober;4
2013;Järva maakond;Oktoober;5
2013;Lääne maakond;Oktoober;5
2013;Lääne-Viru maakond;Oktoober;14
2013;Põlva maakond;Oktoober;4
2013;Pärnu maakond;Oktoober;22
2013;Rapla maakond;Oktoober;5
2013;Saare maakond;Oktoober;4
2013;Tartu maakond;Oktoober;28
2013;Valga maakond;Oktoober;1
2013;Viljandi maakond;Oktoober;7
2013;Võru maakond;Oktoober;10
2014;Harju maakond;Oktoober;131
2014;..Tallinn;Oktoober;128
2014;Hiiu maakond;Oktoober;2
2014;Ida-Viru maakond;Oktoober;48
2014;Jõgeva maakond;Oktoober;3
2014;Järva maakond;Oktoober;2
2014;Lääne maakond;Oktoober;4
2014;Lääne-Viru maakond;Oktoober;15
2014;Põlva maakond;Oktoober;4
2014;Pärnu maakond;Oktoober;14
2014;Rapla maakond;Oktoober;7
2014;Saare maakond;Oktoober;8
2014;Tartu maakond;Oktoober;35
2014;Valga maakond;Oktoober;2
2014;Viljandi maakond;Oktoober;9
2014;Võru maakond;Oktoober;6
2015;Harju maakond;Oktoober;180
2015;..Tallinn;Oktoober;175
2015;Hiiu maakond;Oktoober;1
2015;Ida-Viru maakond;Oktoober;43
2015;Jõgeva maakond;Oktoober;2
2015;Järva maakond;Oktoober;7
2015;Lääne maakond;Oktoober;4
2015;Lääne-Viru maakond;Oktoober;6
2015;Põlva maakond;Oktoober;7
2015;Pärnu maakond;Oktoober;21
2015;Rapla maakond;Oktoober;9
2015;Saare maakond;Oktoober;4
2015;Tartu maakond;Oktoober;28
2015;Valga maakond;Oktoober;7
2015;Viljandi maakond;Oktoober;10
2015;Võru maakond;Oktoober;2
2016;Harju maakond;Oktoober;156
2016;..Tallinn;Oktoober;145
2016;Hiiu maakond;Oktoober;3
2016;Ida-Viru maakond;Oktoober;39
2016;Jõgeva maakond;Oktoober;2
2016;Järva maakond;Oktoober;7
2016;Lääne maakond;Oktoober;4
2016;Lääne-Viru maakond;Oktoober;8
2016;Põlva maakond;Oktoober;4
2016;Pärnu maakond;Oktoober;14
2016;Rapla maakond;Oktoober;2
2016;Saare maakond;Oktoober;3
2016;Tartu maakond;Oktoober;25
2016;Valga maakond;Oktoober;3
2016;Viljandi maakond;Oktoober;6
2016;Võru maakond;Oktoober;2
2017;Harju maakond;Oktoober;142
2017;..Tallinn;Oktoober;134
2017;Hiiu maakond;Oktoober;1
2017;Ida-Viru maakond;Oktoober;44
2017;Jõgeva maakond;Oktoober;2
2017;Järva maakond;Oktoober;10
2017;Lääne maakond;Oktoober;3
2017;Lääne-Viru maakond;Oktoober;16
2017;Põlva maakond;Oktoober;4
2017;Pärnu maakond;Oktoober;13
2017;Rapla maakond;Oktoober;5
2017;Saare maakond;Oktoober;7
2017;Tartu maakond;Oktoober;28
2017;Valga maakond;Oktoober;3
2017;Viljandi maakond;Oktoober;6
2017;Võru maakond;Oktoober;3
2018;Harju maakond;Oktoober;149
2018;..Tallinn;Oktoober;149
2018;Hiiu maakond;Oktoober;0
2018;Ida-Viru maakond;Oktoober;47
2018;Jõgeva maakond;Oktoober;5
2018;Järva maakond;Oktoober;3
2018;Lääne maakond;Oktoober;1
2018;Lääne-Viru maakond;Oktoober;12
2018;Põlva maakond;Oktoober;2
2018;Pärnu maakond;Oktoober;18
2018;Rapla maakond;Oktoober;3
2018;Saare maakond;Oktoober;2
2018;Tartu maakond;Oktoober;35
2018;Valga maakond;Oktoober;9
2018;Viljandi maakond;Oktoober;7
2018;Võru maakond;Oktoober;7
2019;Harju maakond;Oktoober;155
2019;..Tallinn;Oktoober;155
2019;Hiiu maakond;Oktoober;2
2019;Ida-Viru maakond;Oktoober;47
2019;Jõgeva maakond;Oktoober;2
2019;Järva maakond;Oktoober;6
2019;Lääne maakond;Oktoober;4
2019;Lääne-Viru maakond;Oktoober;10
2019;Põlva maakond;Oktoober;4
2019;Pärnu maakond;Oktoober;15
2019;Rapla maakond;Oktoober;4
2019;Saare maakond;Oktoober;4
2019;Tartu maakond;Oktoober;28
2019;Valga maakond;Oktoober;4
2019;Viljandi maakond;Oktoober;8
2019;Võru maakond;Oktoober;9
2020;Harju maakond;Oktoober;..
2020;..Tallinn;Oktoober;..
2020;Hiiu maakond;Oktoober;..
2020;Ida-Viru maakond;Oktoober;..
2020;Jõgeva maakond;Oktoober;..
2020;Järva maakond;Oktoober;..
2020;Lääne maakond;Oktoober;..
2020;Lääne-Viru maakond;Oktoober;..
2020;Põlva maakond;Oktoober;..
2020;Pärnu maakond;Oktoober;..
2020;Rapla maakond;Oktoober;..
2020;Saare maakond;Oktoober;..
2020;Tartu maakond;Oktoober;..
2020;Valga maakond;Oktoober;..
2020;Viljandi maakond;Oktoober;..
2020;Võru maakond;Oktoober;..
2006;Harju maakond;November;133
2006;..Tallinn;November;123
2006;Hiiu maakond;November;3
2006;Ida-Viru maakond;November;60
2006;Jõgeva maakond;November;5
2006;Järva maakond;November;12
2006;Lääne maakond;November;4
2006;Lääne-Viru maakond;November;19
2006;Põlva maakond;November;5
2006;Pärnu maakond;November;22
2006;Rapla maakond;November;7
2006;Saare maakond;November;8
2006;Tartu maakond;November;34
2006;Valga maakond;November;4
2006;Viljandi maakond;November;7
2006;Võru maakond;November;4
2007;Harju maakond;November;129
2007;..Tallinn;November;123
2007;Hiiu maakond;November;1
2007;Ida-Viru maakond;November;40
2007;Jõgeva maakond;November;7
2007;Järva maakond;November;5
2007;Lääne maakond;November;3
2007;Lääne-Viru maakond;November;15
2007;Põlva maakond;November;10
2007;Pärnu maakond;November;15
2007;Rapla maakond;November;4
2007;Saare maakond;November;9
2007;Tartu maakond;November;32
2007;Valga maakond;November;4
2007;Viljandi maakond;November;10
2007;Võru maakond;November;3
2008;Harju maakond;November;127
2008;..Tallinn;November;118
2008;Hiiu maakond;November;2
2008;Ida-Viru maakond;November;51
2008;Jõgeva maakond;November;3
2008;Järva maakond;November;3
2008;Lääne maakond;November;3
2008;Lääne-Viru maakond;November;10
2008;Põlva maakond;November;1
2008;Pärnu maakond;November;23
2008;Rapla maakond;November;3
2008;Saare maakond;November;3
2008;Tartu maakond;November;27
2008;Valga maakond;November;7
2008;Viljandi maakond;November;6
2008;Võru maakond;November;5
2009;Harju maakond;November;126
2009;..Tallinn;November;110
2009;Hiiu maakond;November;0
2009;Ida-Viru maakond;November;51
2009;Jõgeva maakond;November;6
2009;Järva maakond;November;7
2009;Lääne maakond;November;4
2009;Lääne-Viru maakond;November;10
2009;Põlva maakond;November;4
2009;Pärnu maakond;November;12
2009;Rapla maakond;November;1
2009;Saare maakond;November;3
2009;Tartu maakond;November;30
2009;Valga maakond;November;3
2009;Viljandi maakond;November;5
2009;Võru maakond;November;3
2010;Harju maakond;November;138
2010;..Tallinn;November;138
2010;Hiiu maakond;November;0
2010;Ida-Viru maakond;November;37
2010;Jõgeva maakond;November;9
2010;Järva maakond;November;5
2010;Lääne maakond;November;4
2010;Lääne-Viru maakond;November;14
2010;Põlva maakond;November;7
2010;Pärnu maakond;November;13
2010;Rapla maakond;November;3
2010;Saare maakond;November;2
2010;Tartu maakond;November;34
2010;Valga maakond;November;8
2010;Viljandi maakond;November;12
2010;Võru maakond;November;3
2011;Harju maakond;November;129
2011;..Tallinn;November;121
2011;Hiiu maakond;November;2
2011;Ida-Viru maakond;November;46
2011;Jõgeva maakond;November;4
2011;Järva maakond;November;3
2011;Lääne maakond;November;3
2011;Lääne-Viru maakond;November;8
2011;Põlva maakond;November;2
2011;Pärnu maakond;November;19
2011;Rapla maakond;November;3
2011;Saare maakond;November;4
2011;Tartu maakond;November;25
2011;Valga maakond;November;5
2011;Viljandi maakond;November;3
2011;Võru maakond;November;3
2012;Harju maakond;November;132
2012;..Tallinn;November;110
2012;Hiiu maakond;November;1
2012;Ida-Viru maakond;November;33
2012;Jõgeva maakond;November;5
2012;Järva maakond;November;7
2012;Lääne maakond;November;5
2012;Lääne-Viru maakond;November;8
2012;Põlva maakond;November;5
2012;Pärnu maakond;November;7
2012;Rapla maakond;November;5
2012;Saare maakond;November;2
2012;Tartu maakond;November;31
2012;Valga maakond;November;5
2012;Viljandi maakond;November;10
2012;Võru maakond;November;3
2013;Harju maakond;November;125
2013;..Tallinn;November;114
2013;Hiiu maakond;November;0
2013;Ida-Viru maakond;November;35
2013;Jõgeva maakond;November;4
2013;Järva maakond;November;3
2013;Lääne maakond;November;3
2013;Lääne-Viru maakond;November;9
2013;Põlva maakond;November;3
2013;Pärnu maakond;November;20
2013;Rapla maakond;November;7
2013;Saare maakond;November;5
2013;Tartu maakond;November;35
2013;Valga maakond;November;6
2013;Viljandi maakond;November;11
2013;Võru maakond;November;6
2014;Harju maakond;November;128
2014;..Tallinn;November;127
2014;Hiiu maakond;November;2
2014;Ida-Viru maakond;November;36
2014;Jõgeva maakond;November;1
2014;Järva maakond;November;7
2014;Lääne maakond;November;5
2014;Lääne-Viru maakond;November;14
2014;Põlva maakond;November;3
2014;Pärnu maakond;November;14
2014;Rapla maakond;November;5
2014;Saare maakond;November;8
2014;Tartu maakond;November;30
2014;Valga maakond;November;5
2014;Viljandi maakond;November;9
2014;Võru maakond;November;3
2015;Harju maakond;November;134
2015;..Tallinn;November;128
2015;Hiiu maakond;November;0
2015;Ida-Viru maakond;November;46
2015;Jõgeva maakond;November;3
2015;Järva maakond;November;8
2015;Lääne maakond;November;5
2015;Lääne-Viru maakond;November;13
2015;Põlva maakond;November;1
2015;Pärnu maakond;November;16
2015;Rapla maakond;November;4
2015;Saare maakond;November;4
2015;Tartu maakond;November;37
2015;Valga maakond;November;6
2015;Viljandi maakond;November;12
2015;Võru maakond;November;7
2016;Harju maakond;November;150
2016;..Tallinn;November;144
2016;Hiiu maakond;November;0
2016;Ida-Viru maakond;November;38
2016;Jõgeva maakond;November;5
2016;Järva maakond;November;11
2016;Lääne maakond;November;2
2016;Lääne-Viru maakond;November;9
2016;Põlva maakond;November;4
2016;Pärnu maakond;November;25
2016;Rapla maakond;November;7
2016;Saare maakond;November;3
2016;Tartu maakond;November;25
2016;Valga maakond;November;3
2016;Viljandi maakond;November;10
2016;Võru maakond;November;4
2017;Harju maakond;November;172
2017;..Tallinn;November;164
2017;Hiiu maakond;November;2
2017;Ida-Viru maakond;November;41
2017;Jõgeva maakond;November;2
2017;Järva maakond;November;3
2017;Lääne maakond;November;3
2017;Lääne-Viru maakond;November;8
2017;Põlva maakond;November;4
2017;Pärnu maakond;November;22
2017;Rapla maakond;November;4
2017;Saare maakond;November;6
2017;Tartu maakond;November;29
2017;Valga maakond;November;2
2017;Viljandi maakond;November;7
2017;Võru maakond;November;5
2018;Harju maakond;November;136
2018;..Tallinn;November;136
2018;Hiiu maakond;November;2
2018;Ida-Viru maakond;November;45
2018;Jõgeva maakond;November;9
2018;Järva maakond;November;4
2018;Lääne maakond;November;2
2018;Lääne-Viru maakond;November;7
2018;Põlva maakond;November;1
2018;Pärnu maakond;November;10
2018;Rapla maakond;November;8
2018;Saare maakond;November;4
2018;Tartu maakond;November;27
2018;Valga maakond;November;3
2018;Viljandi maakond;November;6
2018;Võru maakond;November;3
2019;Harju maakond;November;160
2019;..Tallinn;November;160
2019;Hiiu maakond;November;0
2019;Ida-Viru maakond;November;32
2019;Jõgeva maakond;November;3
2019;Järva maakond;November;3
2019;Lääne maakond;November;1
2019;Lääne-Viru maakond;November;6
2019;Põlva maakond;November;3
2019;Pärnu maakond;November;10
2019;Rapla maakond;November;1
2019;Saare maakond;November;3
2019;Tartu maakond;November;32
2019;Valga maakond;November;3
2019;Viljandi maakond;November;5
2019;Võru maakond;November;3
2020;Harju maakond;November;..
2020;..Tallinn;November;..
2020;Hiiu maakond;November;..
2020;Ida-Viru maakond;November;..
2020;Jõgeva maakond;November;..
2020;Järva maakond;November;..
2020;Lääne maakond;November;..
2020;Lääne-Viru maakond;November;..
2020;Põlva maakond;November;..
2020;Pärnu maakond;November;..
2020;Rapla maakond;November;..
2020;Saare maakond;November;..
2020;Tartu maakond;November;..
2020;Valga maakond;November;..
2020;Viljandi maakond;November;..
2020;Võru maakond;November;..
2006;Harju maakond;Detsember;136
2006;..Tallinn;Detsember;119
2006;Hiiu maakond;Detsember;1
2006;Ida-Viru maakond;Detsember;50
2006;Jõgeva maakond;Detsember;7
2006;Järva maakond;Detsember;7
2006;Lääne maakond;Detsember;6
2006;Lääne-Viru maakond;Detsember;18
2006;Põlva maakond;Detsember;6
2006;Pärnu maakond;Detsember;14
2006;Rapla maakond;Detsember;7
2006;Saare maakond;Detsember;7
2006;Tartu maakond;Detsember;34
2006;Valga maakond;Detsember;7
2006;Viljandi maakond;Detsember;15
2006;Võru maakond;Detsember;6
2007;Harju maakond;Detsember;145
2007;..Tallinn;Detsember;138
2007;Hiiu maakond;Detsember;1
2007;Ida-Viru maakond;Detsember;33
2007;Jõgeva maakond;Detsember;5
2007;Järva maakond;Detsember;6
2007;Lääne maakond;Detsember;4
2007;Lääne-Viru maakond;Detsember;18
2007;Põlva maakond;Detsember;8
2007;Pärnu maakond;Detsember;18
2007;Rapla maakond;Detsember;5
2007;Saare maakond;Detsember;3
2007;Tartu maakond;Detsember;43
2007;Valga maakond;Detsember;7
2007;Viljandi maakond;Detsember;12
2007;Võru maakond;Detsember;5
2008;Harju maakond;Detsember;126
2008;..Tallinn;Detsember;121
2008;Hiiu maakond;Detsember;2
2008;Ida-Viru maakond;Detsember;48
2008;Jõgeva maakond;Detsember;6
2008;Järva maakond;Detsember;12
2008;Lääne maakond;Detsember;2
2008;Lääne-Viru maakond;Detsember;13
2008;Põlva maakond;Detsember;5
2008;Pärnu maakond;Detsember;26
2008;Rapla maakond;Detsember;5
2008;Saare maakond;Detsember;5
2008;Tartu maakond;Detsember;21
2008;Valga maakond;Detsember;5
2008;Viljandi maakond;Detsember;13
2008;Võru maakond;Detsember;5
2009;Harju maakond;Detsember;141
2009;..Tallinn;Detsember;133
2009;Hiiu maakond;Detsember;1
2009;Ida-Viru maakond;Detsember;48
2009;Jõgeva maakond;Detsember;1
2009;Järva maakond;Detsember;6
2009;Lääne maakond;Detsember;5
2009;Lääne-Viru maakond;Detsember;7
2009;Põlva maakond;Detsember;3
2009;Pärnu maakond;Detsember;10
2009;Rapla maakond;Detsember;5
2009;Saare maakond;Detsember;5
2009;Tartu maakond;Detsember;29
2009;Valga maakond;Detsember;11
2009;Viljandi maakond;Detsember;11
2009;Võru maakond;Detsember;4
2010;Harju maakond;Detsember;116
2010;..Tallinn;Detsember;113
2010;Hiiu maakond;Detsember;1
2010;Ida-Viru maakond;Detsember;36
2010;Jõgeva maakond;Detsember;1
2010;Järva maakond;Detsember;9
2010;Lääne maakond;Detsember;4
2010;Lääne-Viru maakond;Detsember;19
2010;Põlva maakond;Detsember;3
2010;Pärnu maakond;Detsember;18
2010;Rapla maakond;Detsember;9
2010;Saare maakond;Detsember;5
2010;Tartu maakond;Detsember;40
2010;Valga maakond;Detsember;5
2010;Viljandi maakond;Detsember;7
2010;Võru maakond;Detsember;2
2011;Harju maakond;Detsember;169
2011;..Tallinn;Detsember;157
2011;Hiiu maakond;Detsember;0
2011;Ida-Viru maakond;Detsember;39
2011;Jõgeva maakond;Detsember;5
2011;Järva maakond;Detsember;4
2011;Lääne maakond;Detsember;1
2011;Lääne-Viru maakond;Detsember;14
2011;Põlva maakond;Detsember;3
2011;Pärnu maakond;Detsember;13
2011;Rapla maakond;Detsember;5
2011;Saare maakond;Detsember;6
2011;Tartu maakond;Detsember;31
2011;Valga maakond;Detsember;3
2011;Viljandi maakond;Detsember;6
2011;Võru maakond;Detsember;6
2012;Harju maakond;Detsember;138
2012;..Tallinn;Detsember;126
2012;Hiiu maakond;Detsember;1
2012;Ida-Viru maakond;Detsember;37
2012;Jõgeva maakond;Detsember;3
2012;Järva maakond;Detsember;5
2012;Lääne maakond;Detsember;4
2012;Lääne-Viru maakond;Detsember;13
2012;Põlva maakond;Detsember;3
2012;Pärnu maakond;Detsember;13
2012;Rapla maakond;Detsember;2
2012;Saare maakond;Detsember;3
2012;Tartu maakond;Detsember;47
2012;Valga maakond;Detsember;3
2012;Viljandi maakond;Detsember;6
2012;Võru maakond;Detsember;5
2013;Harju maakond;Detsember;151
2013;..Tallinn;Detsember;133
2013;Hiiu maakond;Detsember;0
2013;Ida-Viru maakond;Detsember;34
2013;Jõgeva maakond;Detsember;7
2013;Järva maakond;Detsember;9
2013;Lääne maakond;Detsember;4
2013;Lääne-Viru maakond;Detsember;8
2013;Põlva maakond;Detsember;6
2013;Pärnu maakond;Detsember;15
2013;Rapla maakond;Detsember;6
2013;Saare maakond;Detsember;7
2013;Tartu maakond;Detsember;31
2013;Valga maakond;Detsember;3
2013;Viljandi maakond;Detsember;5
2013;Võru maakond;Detsember;9
2014;Harju maakond;Detsember;147
2014;..Tallinn;Detsember;140
2014;Hiiu maakond;Detsember;0
2014;Ida-Viru maakond;Detsember;41
2014;Jõgeva maakond;Detsember;1
2014;Järva maakond;Detsember;3
2014;Lääne maakond;Detsember;7
2014;Lääne-Viru maakond;Detsember;13
2014;Põlva maakond;Detsember;5
2014;Pärnu maakond;Detsember;15
2014;Rapla maakond;Detsember;9
2014;Saare maakond;Detsember;10
2014;Tartu maakond;Detsember;34
2014;Valga maakond;Detsember;3
2014;Viljandi maakond;Detsember;9
2014;Võru maakond;Detsember;5
2015;Harju maakond;Detsember;155
2015;..Tallinn;Detsember;153
2015;Hiiu maakond;Detsember;1
2015;Ida-Viru maakond;Detsember;38
2015;Jõgeva maakond;Detsember;3
2015;Järva maakond;Detsember;5
2015;Lääne maakond;Detsember;2
2015;Lääne-Viru maakond;Detsember;16
2015;Põlva maakond;Detsember;1
2015;Pärnu maakond;Detsember;15
2015;Rapla maakond;Detsember;2
2015;Saare maakond;Detsember;7
2015;Tartu maakond;Detsember;28
2015;Valga maakond;Detsember;2
2015;Viljandi maakond;Detsember;7
2015;Võru maakond;Detsember;5
2016;Harju maakond;Detsember;148
2016;..Tallinn;Detsember;142
2016;Hiiu maakond;Detsember;2
2016;Ida-Viru maakond;Detsember;34
2016;Jõgeva maakond;Detsember;3
2016;Järva maakond;Detsember;5
2016;Lääne maakond;Detsember;1
2016;Lääne-Viru maakond;Detsember;12
2016;Põlva maakond;Detsember;2
2016;Pärnu maakond;Detsember;24
2016;Rapla maakond;Detsember;7
2016;Saare maakond;Detsember;5
2016;Tartu maakond;Detsember;34
2016;Valga maakond;Detsember;5
2016;Viljandi maakond;Detsember;9
2016;Võru maakond;Detsember;8
2017;Harju maakond;Detsember;160
2017;..Tallinn;Detsember;149
2017;Hiiu maakond;Detsember;0
2017;Ida-Viru maakond;Detsember;42
2017;Jõgeva maakond;Detsember;1
2017;Järva maakond;Detsember;1
2017;Lääne maakond;Detsember;4
2017;Lääne-Viru maakond;Detsember;11
2017;Põlva maakond;Detsember;3
2017;Pärnu maakond;Detsember;18
2017;Rapla maakond;Detsember;3
2017;Saare maakond;Detsember;3
2017;Tartu maakond;Detsember;30
2017;Valga maakond;Detsember;3
2017;Viljandi maakond;Detsember;5
2017;Võru maakond;Detsember;5
2018;Harju maakond;Detsember;194
2018;..Tallinn;Detsember;194
2018;Hiiu maakond;Detsember;1
2018;Ida-Viru maakond;Detsember;40
2018;Jõgeva maakond;Detsember;5
2018;Järva maakond;Detsember;5
2018;Lääne maakond;Detsember;4
2018;Lääne-Viru maakond;Detsember;11
2018;Põlva maakond;Detsember;4
2018;Pärnu maakond;Detsember;10
2018;Rapla maakond;Detsember;4
2018;Saare maakond;Detsember;4
2018;Tartu maakond;Detsember;29
2018;Valga maakond;Detsember;2
2018;Viljandi maakond;Detsember;4
2018;Võru maakond;Detsember;6
2019;Harju maakond;Detsember;104
2019;..Tallinn;Detsember;104
2019;Hiiu maakond;Detsember;0
2019;Ida-Viru maakond;Detsember;34
2019;Jõgeva maakond;Detsember;0
2019;Järva maakond;Detsember;3
2019;Lääne maakond;Detsember;1
2019;Lääne-Viru maakond;Detsember;10
2019;Põlva maakond;Detsember;0
2019;Pärnu maakond;Detsember;16
2019;Rapla maakond;Detsember;2
2019;Saare maakond;Detsember;7
2019;Tartu maakond;Detsember;26
2019;Valga maakond;Detsember;3
2019;Viljandi maakond;Detsember;6
2019;Võru maakond;Detsember;2
2020;Harju maakond;Detsember;..
2020;..Tallinn;Detsember;..
2020;Hiiu maakond;Detsember;..
2020;Ida-Viru maakond;Detsember;..
2020;Jõgeva maakond;Detsember;..
2020;Järva maakond;Detsember;..
2020;Lääne maakond;Detsember;..
2020;Lääne-Viru maakond;Detsember;..
2020;Põlva maakond;Detsember;..
2020;Pärnu maakond;Detsember;..
2020;Rapla maakond;Detsember;..
2020;Saare maakond;Detsember;..
2020;Tartu maakond;Detsember;..
2020;Valga maakond;Detsember;..
2020;Viljandi maakond;Detsember;..
2020;Võru maakond;Detsember;..
