kohad;kontekstid;lemmad1;lemmad2
Tallinnas;kloostri viimsed päevad . E. Bornhöhe ( Eduard Brunberg'i ) ajaloolik jutustus suurest Liivi sõjast ( 1558 - 1583 ) . Tallinnas . Trükitud G. Pihlaka kuluga . 1. Junker Hansu äpardus . See oli kena , soe suvine päev Lõikuse kuu;Tallinn;Tallinn
Harju;Junker Hansu äpardus . See oli kena , soe suvine päev Lõikuse kuu hakatusel 1576. Armsalt ja rahuliselt säras päike Harju maa üle , aga maakoha pilt , mida päikese ja soojuse kiired läbipaistva kuldse uduga katsivad , ei olnud;Harju;Harju
Harju;ohakatega kaetud põllud , ära põletatud mõisade ja külade ahervarred - need olivad maakoha tähtsamad tundemärgid . Rikas ja rõõmus Harju maa oli 18 aastase sõja läbi suuremalt jaolt vaikseks kõrbeks muudetud , kus Sakslased ja Poolakad , Venelased ja;Harju;Harju
Tallinnast;kus Sakslased ja Poolakad , Venelased ja Rootslased aeg ajalt endise rikkuse riismeid taastamas käisivad . Maantee pääl , mis Tallinnast Paidesse viib ja sel ajal kõige viletsamas korras oli , sõitsivad neli ratsanikku , kõik noored mehed Saksa moodi;Tallinn;Tallinn
Paidesse;Sakslased ja Poolakad , Venelased ja Rootslased aeg ajalt endise rikkuse riismeid taastamas käisivad . Maantee pääl , mis Tallinnast Paidesse viib ja sel ajal kõige viletsamas korras oli , sõitsivad neli ratsanikku , kõik noored mehed Saksa moodi riides;pai;pai
Liivi;rohkeste nalja ja naeris ise kõige valjemine oma nalja üle . Tema nägu oli selle parandamata kergemeele peegel , mis Liivi orduriigi mõisnikkusi ja kodanikkusi hirmsa sõja hädasid unustama ja Venelasi sagedaste imestama pani . Vana orduriik oli Vene löökide;Liivi;Liivi orduriik
Vene;, mis Liivi orduriigi mõisnikkusi ja kodanikkusi hirmsa sõja hädasid unustama ja Venelasi sagedaste imestama pani . Vana orduriik oli Vene löökide all ära lagunenud , lugemata hulk inimesi tapetud , mõisad ja külad ära häävitatud , tuleviku taevas süsimusta;vene;vene
Saksa;ja mureta põli jälle kätte jõudnud . Nüüd alles tuli selgeste nähtavale , kui määratumad need varandused olivad , mida Saksa mõisnikud 400 aasta jooksul maa pärisrahva verivaeva läbi kokku kogunud , nii et sõja äpardused ega pöörane priiskamine neid;Saksa;Saksa
Kuimetsa;"sest ? Tema ise oli ikka veel suure varanduse peremees ja päälegi ilusa Agnes von Mönnikhuseni , rikka ja uhke Kuimetsa pärisherra tütre peigmees . Täna oli reede ja pühapäeval pidivad pulmad olema . "" Pange tähele , sõbrad ,";Kuimets;Kuimets
Põltsamaal;""" "" Selleks on tal ka põhjust , "" kiitis Risbiter . "" See olin mina , kes oma käega Põltsamaal kuninga Magnuse riiginõuniku ja Mönnikhuseni verivaenlase Fahrensbach'i vangi võtsin . "" "" Kange tegu , vana rauka sängist välja";Põltsamaa;Põltsamaa
Fahrensbach'i;", "" kiitis Risbiter . "" See olin mina , kes oma käega Põltsamaal kuninga Magnuse riiginõuniku ja Mönnikhuseni verivaenlase Fahrensbach'i vangi võtsin . "" "" Kange tegu , vana rauka sängist välja kiskuda ! "" pilkas Delvig . """;Fahrensbach;Fahrensbach
Põltsamaa;""" Siis tarvita seda parajal paigal ! "" kostis Delvig kärsitult . "" Ma ütlen veel üks kord : oma Põltsamaa vägiteo pärast ei ole sa veel ammugi Agnes von Mönnikhuseni käe vääriline . See ei ole suur asi ,";Põltsamaa;Põltsamaa
Vene;"hüüdis Risbiter . Seltsimehed lähenesivad kiirelt ratsutades . "" See on kahtlane inimene , "" seletas Risbiter , "" vist Vene salakuulaja . Me peame ta mõisa kaasa võtma . "" Noor talupoeg silmas uurivalt , aga ilma kõige vähema";Vene;Vene
Rootsi;", kellede seltsi ta nii ootamata viisil oli sattunud . "" Kes sa oled ? "" küsis Delvig . "" Rootsi kuningas ! "" kostis võõras tõsiselt . Junkrid pidivad vastu tahtmist naeratama . "" Ära nii palju naljata ,";Rootsi;Rootsi
Vene;"rüütel . Junkrid teretasivad teda auupaklikult . "" Mis siin on ? "" küsis vanamees lühidelt . "" Meie püüdsime Vene salakuulaja kinni , "" kostis Risbiter kähku . "" Salakuulaja ! "" kordas Agnes ilma tahtmata ja vaatas otsekui";vene;vene
Vene;""" oli selle rahuline vastus . "" Mis su nimi on ? "" "" Gabriel . "" "" Oled sa Vene salakuulaja ? "" "" Salakuulajad ei rända lausa päeva ajal mööda maanteesid . "" "" Tema pelgus mind nähes";Vene;Vene
Tallinna;"Ma olen sõjamees , "" vastas Gabriel . "" Mu kodupaik on sääl , kus sõditakse . Praegu lähen ma Tallinna poole Rootslaste juurde sõjateenistust otsima . "" "" Oled sa Saksa mees ? "" "" Ma olen Sakste keskel";Tallinn;Tallinn
Kuimetsa;""" Mönnikhusen naeratas pilkavalt . "" Pean sulle oma nime nimetama ? Hää küll , herra Gabriel , mina olen Kuimetsa pärisherra ja Liivi mõisameeste ) päälik Kaspar von Mönnikhusen . On sul nüüd rohkem usaldust minu vastu ? """;Kuimets;Kuimets
Kuimetsa;elada , siis tule minu juurde . Tugevaid ja julgeid poisaa võin mina igal ajal tarvitada . Täna õhtuni seisab Kuimetsa värav sinu ees lahti . Täna Jumalat , et ma pahas tujus ei ole , ja mõtle hoolega järele;Kuimets;Kuimets
Liivi;pulmad meie kodumaal arva ilma riiu ja verevalamiseta lõppesivad . ) Mõisameesteks nimetati . suure Liivi sõja ajal neid endise Liivi orduriigi mõisnikkusi ja nende sulaseid , kes salgakaupa pea Rootslasi , pea Venelasi , Daanlasi või Poolakaid palga eest;Liivi;Liivi orduriik
Venelasi;. suure Liivi sõja ajal neid endise Liivi orduriigi mõisnikkusi ja nende sulaseid , kes salgakaupa pea Rootslasi , pea Venelasi , Daanlasi või Poolakaid palga eest teenisivad , enamiste aga oma käe pääl kui õiged röövlid oma isamaad laastasivad;Venelasi;Venelasi
Daanlasi;Liivi sõja ajal neid endise Liivi orduriigi mõisnikkusi ja nende sulaseid , kes salgakaupa pea Rootslasi , pea Venelasi , Daanlasi või Poolakaid palga eest teenisivad , enamiste aga oma käe pääl kui õiged röövlid oma isamaad laastasivad . Mönnikhuseni;Daanlasi;Daanlasi
Kuimetsas;teenisivad , enamiste aga oma käe pääl kui õiged röövlid oma isamaad laastasivad . Mönnikhuseni käsu all seisav salk oli Kuimetsas kindlasse laagrisse asunud ja seisis nime poolt Rootsi kuninga teenistuses . 2. Metsameeste laagris . Gabriel pistis mõõga jälle;Kuimets;Kuimets
Rootsi;õiged röövlid oma isamaad laastasivad . Mönnikhuseni käsu all seisav salk oli Kuimetsas kindlasse laagrisse asunud ja seisis nime poolt Rootsi kuninga teenistuses . 2. Metsameeste laagris . Gabriel pistis mõõga jälle kepi sisse , astus maantee pääle välja ja;Rootsi;Rootsi
Tallinna;"teenistuses . 2. Metsameeste laagris . Gabriel pistis mõõga jälle kepi sisse , astus maantee pääle välja ja sammus mõttes Tallinna poole . Mõnesaja sammu pärast jäi ta seisatama ja vaatas tagasi . "" Naljakas lugu ! "" ümises ta";Tallinn;Tallinn
Koluvere;von Mönnikhusen ... Seda nime olen ma tänini vihas pidanud ja nüüd ... See oli ju üks Mönnikhusen , kes Koluvere lahingus talupojad ära võitis ja minu vanaisa puu oksa lasi tõmmata . Üks Risbiter langes minu vanaisa käe läbi;koluveri;koluveri
Tallinna;"asja ? Mul on tõeste paremat teha , kui halbi junkri ja upsaka rüütlipreili pärast oma pääd murda . Läki Tallinna poole ! "" Gabriel sammus edasi , aga natukese aja pärast pidi ta jälle seisatama ja aru pidama .";Tallinn;Tallinn
Tallinn;"Visa mõte ei tahtnud kunagi ta pääst lahkuda . "" Hm ! Nii väga suurt ruttu mul ei ole . Tallinn ei jookse minu eest ära . Kui ma homme sinna ei jõua , siis olen ülehomme sääl . Miks";Tallinn;Tallinn
Kuimetsa;kõiki kahtlust lõpetades , pööras Gabriel sedamaid ümber ja sammus tuldud teed mööda tagasi . Tunni aja pärast jõudis ta Kuimetsa laagri ette . Mõisameeste laager oli laialine telkide ja hoonete kogu , osalt mõisa õue , osalt ümberkaudse välja;Kuimets;Kuimets
Põltsamaa;"vältas pidulik kära ja müra , sest nälginud mõisamehed olivad mõne päeva eest "" Liivi kuninga "" Magnuse asupaiga - Põltsamaa alevi kallale kippunud , kuna "" kuningast "" ennast sääl ei olnud , ja pärast rikka alevi paljaksriisumist rohke";Põltsamaa;Põltsamaa
Eesti;. Oli sõjakäik õnneks läinud , siis sai saak kähku kõrist ja kõhust läbi lastud . Imelik maa , see Eesti maa ! Kaheksateistkümmend aastat oli hirmus sõda kestnud , nii mitmed sõjaväed olivad siin riisumas ja tagastamas käinud ,;Eesti;Eesti
Põltsamaal;"Mönnikhusen ei pidanud enne Risbiterist suurt lugu "" , seletas teine seltsimees , "" aga sest saadik , kui Risbiter Põltsamaal vana Fahrensbachi vangi võttis ja Mönnikhuseni kätte tõi , on vanamees otsekui ümber muudetud . Nüüd on Risbiter mõisas";Põltsamaa;Põltsamaa
Fahrensbach'i;on minu pääle hirmus kade ja püüab mind laimuga mustata . Kuda võin mina , kes oma käega Dietrich von Fahrensbach'i vaenlaste keskelt vangi võtsin , rumal poiss ja jänespüks olla ? Ei , kulla Agnes , mina olen vapper;Fahrensbach;Fahrensbach
Eesti;"tulnud . "" "" Kas sa siis nii osav vehkleja oled ? "" küsis Agnes kaheldes . "" Mina olen Eesti maal kõige osavam vehkleja , "" kostis Risbiter alandlikult . "" Aga kuda sulle metsas see äpardus juhtus ?";Eesti;Eesti
Vene;", Agnes , ära seda usu ! Ülepää ära usu midagi , mis sulle ette luisatakse . See talupoeg oli Vene salakuulaja , selle eest annan ma oma pää ! Ma nägin seda tema näost ja tõukasin teda jalaga ;";Vene;Vene
Liivi;asjas vanameelne : tütre pulmas pidi kõik karva päält nõnda peetud saama , nagu see enne suure sõja hakatust , Liivi orduriigi kuldsel ajal olnud , ainult see maha arvatud , et pulmi mitte , nagu muidu enamiste , linnas;Liivi;Liivi orduriik
Harju;maha arvatud , et pulmi mitte , nagu muidu enamiste , linnas ei peetud , vaid kodu mõisas . Kõik Harju maa mõisnikud olivad pulma kutsutud . Kõik ei võinud paraku tulla , sest mitmed olivad sõjas surma saanud ,;Harju;Harju
Kuimetsa;pulmalised . Seda elu ja liikumist , seda uhkust ja toredust , seda üle kullatud viletsust , mis sel laupäeval Kuimetsa laagris näha oli ! Rüütlid ja junkrid olivad toredas piduriides , kuldkettide ja sulgedega ehitud , nende hobuste riistad;Kuimets;Kuimets
Eesti;Mis ütleksivad inimesed selle kohta ? Kelle silma julgeksin mina siis veel vaadata ? Ma oleksin ju igaveseks ajaks kõige Eesti maa rüütliseisuse ees teotatud ja naeruks tehtud . See ei oleks veel kõige suurem õnnetus , sest mina ei;Eesti;Eesti
Eesti;mõisameeste vaade täitis teda põlgtuse ja jälestusega . Olivad need lällitavad , määgivad ja norskavad joodikud seda väärt , et Eesti maa nende ees värises ? Käputäis Venelasi oleks seda röövlisalka praeguses olekus kerge vaevaga laiale pillata suutnud . Kui;Eesti;Eesti
Kuimetsas;": "" Põgenege , põgenege ! Venelased laagris ! "" Nüüd oli asi selge . Venelased Paides olivad kudagi viisi Kuimetsas peetavast pidust haisu saanud ja , mõisameeste joovastust kasuga tarvitades , öö ajal laagri kallale kippunud . Gabriel oli";Kuimets;Kuimets
Tallinna;". "" Kuhu poole võib isa põgenenud olla ? "" küsis ta elavalt . "" Küla ' p ikka vist Tallinna poole , "" oli Gabrieli vastus . "" Oh , siis tõttame kohe ta järele ! "" "" Seda";Tallinn;Tallinn
Tallinna;"puhata . "" "" Mina ei ole väsinud , "" tähendas Agnes külmalt . "" Ma tean , kust tee Tallinna poole viib ja hakkan kohe minema . "" "" Teie unustate , et tõld ja hobused Venelaste kätte on";Tallinn;Tallinn
Tallinna;. Mina kardan neid kui tuld ega julge neid tülitama minna , Teie isa ja vahva junker Hans on häkiste Tallinna poole reisinud , mõisa orjadest ei ole paraku kedagi käepärast - kuda tahate siis reisi pääle minna , preili;Tallinn;Tallinn
Tallinna;tõrjuge mind enesest eemale - mina ei lahku Teist , enne kui Teid tervelt isa kätte tagasi olen andnud . Tallinna reis ei ole nii kerge , kui arvate . Tee on pikk ja hädaohtlik . Kui juba auusad junkrid;Tallinn;Tallinn
Kuimetsas;pisut kolli tahtsivad teha ja kerge saagiga koju minna . Võib olla , et päeva tõusu ajal enam ühtgi Venelast Kuimetsas ei ole . Nad teadvad , et suurem hulk mõisamehi ja vist lõik ülemad pakku on jooksnud , kes;Kuimets;Kuimets
Kuimetsast;"see : Teie jääte siia padrikusse ootama ja hoiate ennast hästi varjul , kuna mina luurama lähen , kas Venelased Kuimetsast lahkunud . Valitseb sääl vagane lugu , siis tuustin laagri ja mõisa varemed läbi ; vahest puutub mulle otsides";Kuimets;Kuimets
Tallinna;"Kuda nimi on ? "" "" Junker Georg . "" "" Väga hää , Teie jääte junker Georgiks , kuni Tallinna jõuame , ja mina olen nii kaua Teie alandlik sulane Gabriel . Kui tee pääl kellegiga kokku juhtume ,";Tallinn;Tallinn
Saksa;röövlitega kimpu , siis olen mina vaene , aga auus talumees ja Teie minu noorem vend Jüts , kellele ma Saksa riided selga olen varastanud . See oleks ime asi , kui kaks meiesugust tubli meest maailmast läbi ei pääseks;Saksa;Saksa
Kuimetsa;küpses , suvises iluduses . Agnese meelest oli see väga lustilik põgenemine . Vahete vahel , kui isa õnnetus , Kuimetsa ärahäävitamine ja sugulase Delvigi surm talle kogemata meelde tuli , läikis küll pisar ta laugel , aga see ei;Kuimets;Kuimets
Saksamaal;"Meie sugukonnas on ikka tublid perenaesed olnud . Üks minu tädidest - mul on väga palju tädisid - on Praegu Saksamaal lihtsa käsitöölise naene ja saab ühe ainsa ümmardaja abiga väga hästi läbi . "" "" Kuda see võis sündida";Saksamaa;Saksamaa
Saksamaal;. Ühel kenal päeval olivad mõlemad kui tina tuhka kadunud . Alles aasta pärast saivad sugulased teada , et tädi Saksamaal lihtsa käsitöölise abikaasaks oli saanud . Meie sugukond kannab sest saadik vaese tädi pääle viha ega tunnista teda enam;Saksamaa;Saksamaa
Saksa;kustuks . Tema teost võin ma küll aru saada . Ta eksis armastuse pärast ja tema eksitaja oli vähemast puhtast Saksa soost ja kena , viisakas noormees , kelle ülem püüdmine tänapäevani on olnud , tädi igapidi õnnelikuks teha .;Saksa;Saksa
Eesti;", tädi igapidi õnnelikuks teha . Hoopis arusaamata asi on aga see minu meelest , et kõrgeste sündinud naesterahvad koguni Eesti või Läti talupoegadega abielusse heidavad , nagu selle hirmsa sõja ajal mitu korda peab juhtunud olema . "" """;Eesti;Eesti
Läti;"igapidi õnnelikuks teha . Hoopis arusaamata asi on aga see minu meelest , et kõrgeste sündinud naesterahvad koguni Eesti või Läti talupoegadega abielusse heidavad , nagu selle hirmsa sõja ajal mitu korda peab juhtunud olema . "" "" Häda ajab";Läti;Läti
Eesti;"preili Agnes . "" "" Mina sureksin ennemast tuhat korda , enne kui . . . "" "" Enne kui Eesti või Läti talupoja naeseks läheksite , "" jätkas Gabriel juurde , kuna Agnes kohe parajat sõna ei leidnud .";Eesti;Eesti
Läti;". "" "" Mina sureksin ennemast tuhat korda , enne kui . . . "" "" Enne kui Eesti või Läti talupoja naeseks läheksite , "" jätkas Gabriel juurde , kuna Agnes kohe parajat sõna ei leidnud . "" Enne";Läti;Läti
Tallinna;", preili von Mönnikhusen , ega või Teie tuttavaks jääda . Paari paeva pärast jõuame , kui Jumal aitab , Tallinna , ja siis lahkume niisama häkiste , nagu kogemata kokku juhtusime . "" "" Lahkume ? Mikspärast tahate Teie";Tallinn;Tallinn
Eesti;"Mina ei ole mitte ainult talurahva soost , "" ütles ta karmilt , "" vaid minu ema oli pääle kauba Eesti talupoja , see on : pärisorja tütar ja mina olen pärisorjade võsu . "" "" Mikspärast püüate Teie ennast";Eesti;Eesti
Saksa;ei ole nende järeltulijate sees veelgi kustunud . Minu vanaisa oli nende talupoegade eesvedaja , kelle ees kuueteistkümne aasta eest Saksa rüütlid värisesivad . Teil on põhjust , mind veel enam vihata , kui põlata . See oli minu vanaisa;Saksa;Saksa
Koluvere;Teil on põhjust , mind veel enam vihata , kui põlata . See oli minu vanaisa , kelle käe läbi Koluvere lahingus Teie peigmehe isa Johann von Risbiter langes . Talupoegadel ei olnud sel korral õnne . Nad kaotasivad lahingu;koluveri;koluveri
Vene;"vääriline mina olen , siis kuulge veel : Minu isa oli Venelane ja mina ise olin veel paari nädala eest Vene sõjamees , see on : Teie sugurahva ja Liivi orduriigi vaenlane ! "" Agnese näo pääl vahetas kahvatus punaga";Vene;Vene
Liivi;"isa oli Venelane ja mina ise olin veel paari nädala eest Vene sõjamees , see on : Teie sugurahva ja Liivi orduriigi vaenlane ! "" Agnese näo pääl vahetas kahvatus punaga . "" Siis olete ometigi . . . """;Liivi;Liivi
Vene;"surija häälega . "" Mis ? "" "" See , kelleks junker Risbiter Teid arvas . . . "" "" Vene salakuulaja ? "" täiendas Gabriel kergeste punastades . "" Ei , ma ei ole mitte salakuulaja , ei ka";Vene;Vene
Moskva;"või selle maa pärisrahva elujärg ialgi minna , kui ta Sakste raske käe all olnud , küll aga võiks ta Moskva valitsuse all paraneda , sest tsaar Ivan Vassiljevitsh , kes "" Hirmsa "" nime kannab , on tüll vali";Moskva;Moskva
Moskva;ja tema hirmsa valjuse ees värisevad kõige päält kangekaelsed bojarid , kuna alam rahvas rahus elada ja kosuda võib . Moskva tsaarid on suured hariduse sõbrad , selle pärast oli see ammugi nende püüdmine , Lääne mere äärseid maid ja;Moskva;Moskva
Lääne;elada ja kosuda võib . Moskva tsaarid on suured hariduse sõbrad , selle pärast oli see ammugi nende püüdmine , Lääne mere äärseid maid ja sadamaid , kui Lääne-Europa hariduse väravaid , oma kätte saada , ja varemalt või hiljemalt;Lääs;Lääne meri
Lääne-Europa;suured hariduse sõbrad , selle pärast oli see ammugi nende püüdmine , Lääne mere äärseid maid ja sadamaid , kui Lääne-Europa hariduse väravaid , oma kätte saada , ja varemalt või hiljemalt peavad need maad nende kätte langema . Kes;Lääne-Europa;Lääne-Europa
Liivi;"käed ristis sülle ja jäi magusalt kuulama . Gabriel jutustas : "" Kahekümnekaheksa aasta eest , kümme aastat enne suure Liivi sõja hakatust , elas Jägala jõe orus , allpool suurt koske , kaugel tuntud kütt ja kalamees , keda";Liivi;Liivi
Jägala;"magusalt kuulama . Gabriel jutustas : "" Kahekümnekaheksa aasta eest , kümme aastat enne suure Liivi sõja hakatust , elas Jägala jõe orus , allpool suurt koske , kaugel tuntud kütt ja kalamees , keda Oru Juhaniks hüüti , oma";Jägala;Jägala jõgi
Tallinnas;"oma orjamaksu sel viisil ära , et nädalas teatud hulga kalu ja jahisaaki kloostrisse viis ; suurema jao müüs ta Tallinnas ära , tõi säält mitmetsugu kaupa maarahva tarbeks kaasa ja sai aegamööda jõukaks meheks . Ta rääkis Saksa keelt";Tallinn;Tallinn
Tallinna;sai aegamööda jõukaks meheks . Ta rääkis Saksa keelt selgeste , mõistis lugeda , kirjutada ja kui vaja - ka Tallinna kaupmehi tüssata , kes teda muidu väga hästi sallisivad . Räägiti ka , et temal jõe suus veike laev;Tallinn;Tallinn
Soome;teda muidu väga hästi sallisivad . Räägiti ka , et temal jõe suus veike laev peidus olnud , millega ta Soome maal kaupa ajamas käis . Tema rikkuse pärast oli temale ammugi nõuu antud , ennast pärisorja seisusest lahti osta;Soome;Soome
Saksa;"ta hää pereisa oli ja naest ning last hellaste armastas . Ühel päeval tuli Oru peresse tundmata noormees , kes Saksa ega Eesti keelt ei mõistnud ; see pakkus Juhanile kuldraha ja palus märkide abil mõneks päevaks varjupaika . Oru";Saksa;Saksa
Eesti;"pereisa oli ja naest ning last hellaste armastas . Ühel päeval tuli Oru peresse tundmata noormees , kes Saksa ega Eesti keelt ei mõistnud ; see pakkus Juhanile kuldraha ja palus märkide abil mõneks päevaks varjupaika . Oru Juhan lükkas";Eesti;Eesti
Vene;ta vastu , sest ta nägi nooremehe näost , et see õnnetu inimene ja surmani väsinud oli . Noormees kandis Vene talupoja riiet , aga tema valgest näost ja peenikesest viisist oli näha , et ta mitte talupoeg ei olnud;vene;vene
Eesti;ja sest oli Juhanile seks korraks küll . Gavrilo jäi Oru peresse elama , tegi rõõmsa meelega tööd ja õppis Eesti keele imeliku kiirusega selgeks . Oma elulugu ei ilmutanud ta kellegile . Oru Juhan ei küsinud , ja kui;Eesti;Eesti
Moskva;Maalid eluaja käte pääl kanda . Ühtlasi tunnistas ta nüüd alles , kes tema oli . Ta oli suurtsugu mees Moskva riigist , kes kerge meelega tsaari Ivan Vassiljevitshi vastu eksinud ja tema viha eest üle raja põgenenud . Kodumaale;Moskva;Moskva riik
Tallinna;"tõi poja ilmale , kellele isa auuks "" Gabriel "" nimeks pandi . Varssi pärast seda läkitas Oru Juhan väimehe Tallinna enese eest asju ajama . See oli kõikide õnnetus . Moskva tsaari poolt olivad sel ajal saadikud Tallinna tulnud";Tallinn;Tallinn
Moskva;pandi . Varssi pärast seda läkitas Oru Juhan väimehe Tallinna enese eest asju ajama . See oli kõikide õnnetus . Moskva tsaari poolt olivad sel ajal saadikud Tallinna tulnud , ilma et Gavrilo sest midagi oleks teadnud . Ta juhtus;Moskva;Moskva tsaar
Tallinna;Juhan väimehe Tallinna enese eest asju ajama . See oli kõikide õnnetus . Moskva tsaari poolt olivad sel ajal saadikud Tallinna tulnud , ilma et Gavrilo sest midagi oleks teadnud . Ta juhtus uulitsal saadikutega kokku , teda tunti ära;Tallinn;Tallinn
Tallinnas;Gavrilo pääsis imelikul viisil ja tuli kui põgeneja Oru talusse tagasi . Kauemaks ei võinud ta siia jääda , sest Tallinnas tunti tema varjupaika . Oru Juhan viis väimehe oma laevaga Soome maale . Sest saadik oli Gavrilo kui tina;Tallinn;Tallinn
Soome;. Kauemaks ei võinud ta siia jääda , sest Tallinnas tunti tema varjupaika . Oru Juhan viis väimehe oma laevaga Soome maale . Sest saadik oli Gavrilo kui tina tuhka kadunud . Teda arvati surnuks . Maalile ei maitsnud enam;Soome;Soome
Vene;"ema mõrtsukat . Kui sa suuremaks saad , siis tuleta meelde , et sa suurtsugu mehe poeg oled . Mine Vene maale ja otsi vürst Feodor Nikititsh Sagorski üles ; ta on minu lihane vend ja sinu onu . Tsaari";Vene;Vene
Viru;ajamise hooletusesse . Paraku ei olnud tema õnnetuste mõõt veel kaugeltgi täis . Suur sõda pääsis lahti , Venelased heitsivad Viru maa eneste alla ja tungisivad säält ootamata viisil Harju maa sisse . Oru Juhan põgenes raha ja vara maha;Viru;Viru
Harju;veel kaugeltgi täis . Suur sõda pääsis lahti , Venelased heitsivad Viru maa eneste alla ja tungisivad säält ootamata viisil Harju maa sisse . Oru Juhan põgenes raha ja vara maha jättes nende eest Tallinna , andis tütripoja oma vana;Harju;Harju
Tallinna;alla ja tungisivad säält ootamata viisil Harju maa sisse . Oru Juhan põgenes raha ja vara maha jättes nende eest Tallinna , andis tütripoja oma vana sõbra , rahataguja Peter Schenkenbergi hooleks ja läks , kui Venelased Lääne maa poole;Tallinn;Tallinn
Lääne;jättes nende eest Tallinna , andis tütripoja oma vana sõbra , rahataguja Peter Schenkenbergi hooleks ja läks , kui Venelased Lääne maa poole edasi olivad tunginud , Oru talusse maha jäätud varandust päästma . Oru talu oli Venelastest imelikul viisil;Lääs;Lääs
Saksa;Oru talu oli Venelastest imelikul viisil puutumata jäänud , aga kuna Juhan sääl oma asju tallitas , tuli korraga salk Saksa mehi Paidest Venelaste eest põgenedes jõge mööda allapoole , riisus talu paljaks , süütas ta põlema ja jättis Juhani;Saksa;Saksa
Eesti;ja tappis kõik rüütlisugu mehed ilma armuta ära , kes tema kätte langesivad . Tema nõuu oli , mõisnikkude sugu Eesti maalt hoopis ära kaodata ja oma rahvaga Moskva tsaari kaitse all vabalt elada . See kauge sihiga ettevõte lõppes;Eesti;Eesti
Moskva;, kes tema kätte langesivad . Tema nõuu oli , mõisnikkude sugu Eesti maalt hoopis ära kaodata ja oma rahvaga Moskva tsaari kaitse all vabalt elada . See kauge sihiga ettevõte lõppes niisama õnnetul viisil , nagu kõik endised sellesarnatsed;Moskva;Moskva
Moskva;, kui ta kogemata veel elus peaks olema . Selle pääle tõmbas Ivan Hirmus kulmu kortsu - märk , mis Moskva riigis tuhandeid värisema paneb - pööras ülijulge palujale selja ega rääkinud temaga sel puhul enam sõnagi . Gabrieli sõbrad;Moskva;Moskva
Lõuna-Liivi;selle mõtte kord pähe võtnud ja hoidis sest visalt kinni . Järgmisel aastal jooksis Gabriel oma salgaga kindla lossi pääle Lõuna-Liivi maal tormi , sai võitu ja võttis sääljuures ühe tähtsa mehe vangi . Onule tuli mõte , et Gabriel;Lõuna-Liiv;Lõuna-Liiv
Pihkvasse;tsaari lepitada võiks , kui ise selle vangi tema kätte viib . Gabriel pidi käsku täitma ja vangi ühes teistega Pihkvasse viima , kus Ivan sel ajal viibis . Tsaar rõõmustas , tuletas Gabrieli ilma vihata meelde ja käskis teda;Pihkva;Pihkva
Liivimaal;Tüki aega ei teinud Gabriel isast piiksugi , aga ta kuulas ja uuris salamahti . Paari nädala eest võttis ta Liivimaal veikese Rootsi väesalga vangi ja kuulis ühe vangi käest , et Rootsi päälinnas veel hiljuti Gavrilo Sagorski sarnane Venelane;Liivimaa;Liivimaa
Rootsi;ei teinud Gabriel isast piiksugi , aga ta kuulas ja uuris salamahti . Paari nädala eest võttis ta Liivimaal veikese Rootsi väesalga vangi ja kuulis ühe vangi käest , et Rootsi päälinnas veel hiljuti Gavrilo Sagorski sarnane Venelane kõige suuremas;Rootsi;Rootsi
Rootsi;uuris salamahti . Paari nädala eest võttis ta Liivimaal veikese Rootsi väesalga vangi ja kuulis ühe vangi käest , et Rootsi päälinnas veel hiljuti Gavrilo Sagorski sarnane Venelane kõige suuremas viletsuses elutsenud . Nüüd ei suutnud Gabriel kauemine kannatada .;Rootsi;Rootsi
Tallinna;vaimu . Ta põgenes vahi alt ja läks oma käe pääl isa taga otsima . Tema nõuu oli , esmalt Tallinna ja säält Rootsimaale minna . Tee pääl juhtus talle seda ja teist , millest rääkida ei maksa . Viimne;Tallinn;Tallinn
Rootsimaale;põgenes vahi alt ja läks oma käe pääl isa taga otsima . Tema nõuu oli , esmalt Tallinna ja säält Rootsimaale minna . Tee pääl juhtus talle seda ja teist , millest rääkida ei maksa . Viimne äpardus - või;Rootsimaa;Rootsimaa
Kuimetsa;seda ja teist , millest rääkida ei maksa . Viimne äpardus - või oli see õnn ? - juhtus talle Kuimetsa mõisa ligidal ja sellega lõppeb Gabriel Sagorski elulugu . Mis siis veel tuli , seda teab junker Georg ise;Kuimets;Kuimets
Kose;. Kolmetunnilise rändamise järele , tuli jälle suur mets vastu , mis sel ajal , nagu osalt veel praegugi , Kose ja Jägala jõe kaldaid mitme penikoorma maa pääl kattis . Kõige selle rändamise ajal ei räägitud peaaegu sõnagi .;Kose;Kose ja Jägala jõgi
Kose;jõe kaldaid mitme penikoorma maa pääl kattis . Kõige selle rändamise ajal ei räägitud peaaegu sõnagi . Kui nad madalast Kose jõest läbi olivad läinud , jäi Gabriel seisma ja pööras ennast Siimu poole , kelle otsaesiselt higi maha tilkus;Kose;Kose jõgi
Tallinn;väsimata - Agnese eilne nõrkus oli kui käega ära võetud - edasi , kuid mitte otsekohe põhjaõhtu poole , kus Tallinn seisis , vaid enam põhjapoole , ja nimelt kolme põhjuse pärast . Esimene põhjus , mida nad teine teisele;Tallinn;Tallinn
Tallinna;", mida nad teine teisele teada ei andnud , oli see , et nüüd enam kummalgi suurt ruttu ei olnud Tallinna jõuda ; vaevaline teekond oli mõlemate meelest nii armsaks saanud , et nad teed hää meelega kolmekordseks oleksivad pikendanud";Tallinn;Tallinn
Kose;"oleksivad pikendanud , kui nad aga sarnast pikendust kunagi arusaadaval viisil oleksivad vabandada mõistnud . Teiseks teadis Gabriel , et Kose Uuemõisas teine salk mõisamehi seisis ja maakohta kuni Tallinna piirini kardetavaks tegi ; Gabrielil ei olnud aga nüüd kõige";Kose;Kose
Uuemõisas;"pikendanud , kui nad aga sarnast pikendust kunagi arusaadaval viisil oleksivad vabandada mõistnud . Teiseks teadis Gabriel , et Kose Uuemõisas teine salk mõisamehi seisis ja maakohta kuni Tallinna piirini kardetavaks tegi ; Gabrielil ei olnud aga nüüd kõige vähemat";uuemõis;uuemõis
Tallinna;"arusaadaval viisil oleksivad vabandada mõistnud . Teiseks teadis Gabriel , et Kose Uuemõisas teine salk mõisamehi seisis ja maakohta kuni Tallinna piirini kardetavaks tegi ; Gabrielil ei olnud aga nüüd kõige vähemat himu , mõisameestega teist korda kokku puutuda .";Tallinn;Tallinn
Jägala;"vähemat himu , mõisameestega teist korda kokku puutuda . Kolmandaks oli Agnese meeles korraga himu tekkinud , Gabrieli lapsepõlvist kodupaika Jägala jõe ääres näha saada ; et see ka Gabrieli salasoov oli , siis heitis ta kohe nõuusse . Kiviloost";Jägala;Jägala jõgi
Soodla;ta õlale ja lippas siis vallatult naerdes jälle tüki maad ette . Õhtuks jõudsivad nad selle koha ligidale , kus Soodla jõgi ennast Jägala jõega ühendab . Paksus rägastikus jäivad nad öömajale . Gabriel ehitas okstest ja lehtedest urtsiku Agnesele;Soodla;Soodla jõgi
Jägala;lippas siis vallatult naerdes jälle tüki maad ette . Õhtuks jõudsivad nad selle koha ligidale , kus Soodla jõgi ennast Jägala jõega ühendab . Paksus rägastikus jäivad nad öömajale . Gabriel ehitas okstest ja lehtedest urtsiku Agnesele päävarjuks , valmistas;Jägala;Jägala jõgi
Eesti;"mõnel oli üks kuni kaks prii hobust oheliku otsas . "" Tere , külamees ! "" hüüdis esimene ratsanik selges Eesti keeles ja kargas kohe hobuse seljast maha , mispääle kõik teised sedasama tegivad . "" Oleme parajaks ajaks siia";Eesti;Eesti
Viru;Mõnest sõnast , mis nad isekeskis vahetasivad , märkas Gabriel , et nad suurema salga liikmed olivad , kes hiljuti Viru maal riisumas käinud , ja et nende ninamehe nimi Andres oli . Üks neist näis näo vormi ja kange;Viru;Viru
Saksa;kuldne vaip langesivad pikad , siidipehmed salgud Agnese õlade pääle . Meeste suust tuli rõõmsa kohmetuse hüüd . Gabriel lõi Saksa rusika hoobiga maha , sasis Agnese käevarrest kinni ja tõmbas ta mõne sammu tagasi , meeste ringist välja .;Saksa;Saksa
Tallinnast;"suuremat paluda ei lasknud . "" "" Ja nüüd vastake minu küsimiste pääle . On Ivo Schenkenberg , rahataguja poeg Tallinnast , tõeste teie päälik ? "" "" Muidugi on , "" kostis Andres uhkusega . "" Kus kohal ta";Tallinn;Tallinn
Tallinna;"aimata , et temast sõjapäälik on saanud . Kuda see juhtus , ? "" "" Seda teab iga laps . Tallinna on suur hulk nälginud ja päävarjuta talupoegi kogunud . Linna saksad ei täinud neid muidu toita , andsivad neile";Tallinn;Tallinn
Viru;"Schenkenbergi salk üle ilma kuulus ja Venelased . kardavad meid enam kui põrgulist . Viimati käisime riisudes ja põletades poole Viru ja Järva maad läbi ; säälsed Vene käsualused ei õnnista meie mälestust ! "" "" Siis sõdisite - Eestlased";Viru;Viru
Järva;"üle ilma kuulus ja Venelased . kardavad meid enam kui põrgulist . Viimati käisime riisudes ja põletades poole Viru ja Järva maad läbi ; säälsed Vene käsualused ei õnnista meie mälestust ! "" "" Siis sõdisite - Eestlased Eestlaste vastu";Järva;Järva
Vene;". kardavad meid enam kui põrgulist . Viimati käisime riisudes ja põletades poole Viru ja Järva maad läbi ; säälsed Vene käsualused ei õnnista meie mälestust ! "" "" Siis sõdisite - Eestlased Eestlaste vastu ? "" "" Kes sõja";Vene;Vene
Jägala;""" "" Kes sõja ajal selle pääle vaatab ? Meie võtsime , kust saime , ja kuhjasime teinepool raja , Jägala jõe ääres ilmatu hulga saaki kokku , nii et veoloomadest puudus kätte tuli . Päälik saatis meid eile siit";Jägala;Jägala jõgi
Jägala;"abiks ; teised kargasivad hobuste selga ja rong liikus talupoegade laagri poole . 9. Kasuvennad . Schenkenberg : laager seisis Jägala jõe õhtupoolsel kaldal , sel kohal , kus Viru ja Järva maalt tulevad teearud , praegune Narva ja Piibe";Jägala;Jägala jõgi
Viru;talupoegade laagri poole . 9. Kasuvennad . Schenkenberg : laager seisis Jägala jõe õhtupoolsel kaldal , sel kohal , kus Viru ja Järva maalt tulevad teearud , praegune Narva ja Piibe maantee , kokku jooksevad . Laagri üleüldine pilt oli;Viru;Viru
Järva;poole . 9. Kasuvennad . Schenkenberg : laager seisis Jägala jõe õhtupoolsel kaldal , sel kohal , kus Viru ja Järva maalt tulevad teearud , praegune Narva ja Piibe maantee , kokku jooksevad . Laagri üleüldine pilt oli ütlemata kirju;Järva;Järva
Narva;: laager seisis Jägala jõe õhtupoolsel kaldal , sel kohal , kus Viru ja Järva maalt tulevad teearud , praegune Narva ja Piibe maantee , kokku jooksevad . Laagri üleüldine pilt oli ütlemata kirju . Mitmenäoliste ja mitmekarvaliste telkide vahel;Narva;Narva
Piibe;seisis Jägala jõe õhtupoolsel kaldal , sel kohal , kus Viru ja Järva maalt tulevad teearud , praegune Narva ja Piibe maantee , kokku jooksevad . Laagri üleüldine pilt oli ütlemata kirju . Mitmenäoliste ja mitmekarvaliste telkide vahel sõõlus ning;Piibe;Piibe
Eesti;hulk mehi , kes oma välispidise näo poolest enam röövlite kui korrapäraliste sõjameeste võitu olivad . Mõned olivad veel endises Eesti talupoja riides , teised Rootsi ja Vene sõjameeste mundris , kolmandad kandsivad mitme rahvaste ja seisuste käest kokku riisutud;Eesti;Eesti
Rootsi;välispidise näo poolest enam röövlite kui korrapäraliste sõjameeste võitu olivad . Mõned olivad veel endises Eesti talupoja riides , teised Rootsi ja Vene sõjameeste mundris , kolmandad kandsivad mitme rahvaste ja seisuste käest kokku riisutud ja selga lapitud hilpusid .;Rootsi;Rootsi
Vene;poolest enam röövlite kui korrapäraliste sõjameeste võitu olivad . Mõned olivad veel endises Eesti talupoja riides , teised Rootsi ja Vene sõjameeste mundris , kolmandad kandsivad mitme rahvaste ja seisuste käest kokku riisutud ja selga lapitud hilpusid . Mõne kuu;Vene;Vene
Virumaa;väesalgaks muutunud ja Sakslase Ivo Schenkenbergi osava juhatuse all otse imetegusid teinud , üksikuid Venelaste salkasid ära võitnud , kaugele Virumaa südamesse tunginud , lugemata hulga mõisasid ning külasid paljaks riisunud ja ära põletanud . Suured kraami lasud , loomade;Virumaa;Virumaa
Vene;"põletanud . Suured kraami lasud , loomade karjad ja hulk sõjavangisid andsivad tunnistust , et nad ta sel korral sõjakäigult Vene käsu all seisvate suguvendade juures tühja kätega tagasi ei tulnud . Riisumise pärast ei või neid laita ; nad";vene;vene
Saksa;kuueteistkümnemas aastasajas veel pisut vähem , kui seda meie ajal tehtakse . Olivad talupojad esite selle üle nurisenud , et Saksa kodaniku poeg nende üle päälikuks seati , siis olivad nad sellesama päälikuga nüüd täieste rahul . Ivo Schenkenberg oli;Saksa;Saksa
Rootsi;"omaste vastu parajal kohal lahke ja vali , vaenlaste vastu püsti kurat ise . Venelased kartsivad teda enam kui kedagi Rootsi kindrali . Teda nimetati "" Eestimaa Hannibaliks "" , sest et ta ilma kartuseta oma veikese salgaga vaenlaste maa";Rootsi;Rootsi
Rooma;sest et ta ilma kartuseta oma veikese salgaga vaenlaste maa sisse tungis , nagu vanal ajal suur Karthaglane Hannibal vägeva Rooma riigi sisse oli tunginud . Ühtlasi oli Ivo ka selle poolest Hannibali sarnane , et ta ühest silmast pime;Rooma;Rooma riik
Vene;oli Ivo ka selle poolest Hannibali sarnane , et ta ühest silmast pime oli . Ivo Schenkenbergi telk - endine Vene vürsti omadus - oli ütlemata tore , kulla , hõbeda ja pärlistega välja õmmeldud , seestpoolt maapind kalli nahkadega;Vene;Vene
Vene;"tõusnud ! "" hüüdis ta pilkavalt , kuna ta ainuke silm kahjurõõmust välkus . "" Mina arvasin , et sa Vene maal ammugi nälga surnud olid . "" Igal muul ajal oleks Gabriel teravaste vastanud . Ka nüüdgi tõusis veri";Vene;Vene
Vene;". "" Pole sul vaja mind õpetada . Minu esimene kohus on , kardetavat kelmi kahjutaks teha . Sina oled Vene hulguse poeg ja putkasid minu isa majast otsekohe Vene maale . Kes ütleb mulle , et sa nüüd Vene";Vene;Vene
Vene;"esimene kohus on , kardetavat kelmi kahjutaks teha . Sina oled Vene hulguse poeg ja putkasid minu isa majast otsekohe Vene maale . Kes ütleb mulle , et sa nüüd Vene salakuulaja ei ole ? "" "" Ei , Ivo";Vene;Vene
Vene;"oled Vene hulguse poeg ja putkasid minu isa majast otsekohe Vene maale . Kes ütleb mulle , et sa nüüd Vene salakuulaja ei ole ? "" "" Ei , Ivo , mina ei ole salakuulaja , "" ütles Gabriel kurva";Vene;Vene
Kuimetsa;"mina ei ole salakuulaja , "" ütles Gabriel kurva tõsidusega . "" See juhtus vist üsna kogemata , et Venelased Kuimetsa kallale kippusivad , kuna sina parajaste sääl olid ? "" "" Mina tulin hoopis teisest küljest , ma ei";Kuimets;Kuimets
Paide;"kallale kippusivad , kuna sina parajaste sääl olid ? "" "" Mina tulin hoopis teisest küljest , ma ei võinud Paide Venelaste nõuust midagi teada . "" "" Väga imelik kokkujuhtumine ! "" pilkas Ivo . "" Mis sul siis";Paide;Paide
Kuimetsas;"Paide Venelaste nõuust midagi teada . "" "" Väga imelik kokkujuhtumine ! "" pilkas Ivo . "" Mis sul siis Kuimetsas otsimist oli ? "" "" Ei midagi . Ma läksin laagrist mööda ja mõisameeste päälik ise kutsus mind sisse";Kuimets;Kuimets
Võnnust;"päälik ise kutsus mind sisse . "" "" Kust sa tulid ja kuhu sa läksid ? "" "" Ma tulin Võnnust ja läksin Tallinna poole . "" "" Mis sa Võnnus tegid ? "" "" Ma olin Vene sõjamees .";Võnnu;Võnnu
Tallinna;"mind sisse . "" "" Kust sa tulid ja kuhu sa läksid ? "" "" Ma tulin Võnnust ja läksin Tallinna poole . "" "" Mis sa Võnnus tegid ? "" "" Ma olin Vene sõjamees . "" "" Jälle";Tallinn;Tallinn
Võnnus;"tulid ja kuhu sa läksid ? "" "" Ma tulin Võnnust ja läksin Tallinna poole . "" "" Mis sa Võnnus tegid ? "" "" Ma olin Vene sõjamees . "" "" Jälle kentsakas kokkujuhtumine , "" hirvitas Ivo .";Võnnu;Võnnu
Vene;""" Ma tulin Võnnust ja läksin Tallinna poole . "" "" Mis sa Võnnus tegid ? "" "" Ma olin Vene sõjamees . "" "" Jälle kentsakas kokkujuhtumine , "" hirvitas Ivo . "" Vene sõjamees sattub Võnnust kogemata mõisameeste";Vene;Vene
Vene;"tegid ? "" "" Ma olin Vene sõjamees . "" "" Jälle kentsakas kokkujuhtumine , "" hirvitas Ivo . "" Vene sõjamees sattub Võnnust kogemata mõisameeste laagrisse ja mõisameeste päälik ise kutsub teda sisse . See on nii selge ,";Vene;Vene
Võnnust;""" Ma olin Vene sõjamees . "" "" Jälle kentsakas kokkujuhtumine , "" hirvitas Ivo . "" Vene sõjamees sattub Võnnust kogemata mõisameeste laagrisse ja mõisameeste päälik ise kutsub teda sisse . See on nii selge , et usu vägise";Võnnu;Võnnu
Tallinna;"teda sisse . See on nii selge , et usu vägise ! "" "" Ma ütlesin sulle , et ma Tallinna poole teel olin . "" "" Mis sa Tallinnast tahtsid ? "" "" Ma otsin oma isa taga .";Tallinn;Tallinn
Tallinnast;"usu vägise ! "" "" Ma ütlesin sulle , et ma Tallinna poole teel olin . "" "" Mis sa Tallinnast tahtsid ? "" "" Ma otsin oma isa taga . "" "" Sinu isa on vist Tallinna esimene bürgermeister";Tallinn;Tallinn
Tallinna;""" Mis sa Tallinnast tahtsid ? "" "" Ma otsin oma isa taga . "" "" Sinu isa on vist Tallinna esimene bürgermeister ? "" "" Minu isa elab Rootsimaal . "" "" Väga tõenäitlik , kui mitte kogemata nälg";Tallinn;Tallinn
Rootsimaal;"otsin oma isa taga . "" "" Sinu isa on vist Tallinna esimene bürgermeister ? "" "" Minu isa elab Rootsimaal . "" "" Väga tõenäitlik , kui mitte kogemata nälg või võllas tema kallid päivi ei ole lühendanud .";Rootsimaa;Rootsimaa
Tallinna;"ei himusta keegi , aga sa oled kahtlane inimene , kelle üle peab valvama . Sa jääd vangi , kuni Tallinna jõuame . "" "" Ja siis ? "" "" Siis vaatab kohus järele , kas sul Kuimetsa langemises süüd";Tallinn;Tallinn
Kuimetsa;"vangi , kuni Tallinna jõuame . "" "" Ja siis ? "" "" Siis vaatab kohus järele , kas sul Kuimetsa langemises süüd on . Leiab kohus sind ilmasüüta olevat , siis võid rahuga oma isa otsima minna . """;Kuimets;Kuimets
Kuimetsa;". Nagu ära nõitud vahtis Ivo ta otsa . Telgis vaikis kõik kära . "" Teie teate , et ma Kuimetsa herra Kaspar von Mönnikhuseni tütar olen ? "" ütles Agnes kindla häälega . "" Ma tean seda , """;Kuimets;Kuimets
Kuimetsa;"Ma tean seda , "" pomises Ivo . "" Hää küll , mina tunnistan ja vannun , et sel mehel Kuimetsa langemises mingisugust süüd ei ole . Kas usute minu tunnistust ? "" "" Ma usun , et teie ,";Kuimets;Kuimets
Tallinna;"tema ise mind ja minu mehi vihale ei ärrita . Tema pääl seisab raske kahtlus , sellest peab ta ennast Tallinna kohtu ees puhastama . "" "" Mina ei karda kohut , aga siduda ei lase ma ennast mitte ,";Tallinn;Tallinn
Haleda;"tee minuga , mis tahad ! "" Ühe silmapilguga olivad ta käed selja taha nööritub . Veel korra sai ta Haleda naeratusega Agnese poole pääd nikutada , siis tõmbasivad mehed ta telgist välja . Agnes langes jõuetult asemele tagasi Laagri";Hale;Hale
Tallinna;. Agnes langes jõuetult asemele tagasi Laagri elus sündisivad sest saadik mõned muudatused . Oli Ivo Schenkenberg seni suure kiirusega Tallinna poole tagasi rutanud , siis tegi ta nüüd , nagu sooviks ta Jägala jõe ääres põliselt paigale jääda .;Tallinn;Tallinn
Jägala;. Oli Ivo Schenkenberg seni suure kiirusega Tallinna poole tagasi rutanud , siis tegi ta nüüd , nagu sooviks ta Jägala jõe ääres põliselt paigale jääda . Oma telgi ümber keelas ta kõik käratsemise ära ja telgi sisse ei lasknud;Jägala;Jägala jõgi
Kuimetsa;"kohta osavõtmata olla ? "" "" Temal oli kerge , Teid Venelaste käest päästa , sest tema ise on neid Kuimetsa juhatanud . "" "" See on vale ! "" hüüdis Agnes elavalt . Ivo kehitas õlasid : "" Seda";Kuimets;Kuimets
Tallinnas;". "" "" See on vale ! "" hüüdis Agnes elavalt . Ivo kehitas õlasid : "" Seda saab ülekuulamine Tallinnas näitama . "" "" Ilmasüütat ei või keegi kohus hukka mõista . "" "" Kes teab ? "" """;Tallinn;Tallinn
Kuimetsast;"saa ialgi kannatama , et inimesele , kes tema ainsa lapse elu päästnud , ülekohut tehtakse . "" "" Tunnistajaid Kuimetsast on muidugi vaja , ja see oleks väga soovitav , et rüütel von Mönnikhusen ise tunnistajana äraandja vastu välja";Kuimets;Kuimets
Christoph;"Telgi ees istus Christoph teiste meestega tule ääres . Ivo kihutas nad säält minema . Teised läksivad sõnalausumata , ainult Christoph jäi seisma , vaatas vennale silma sisse ja ütles pääd vangutades : "" Mis mõte sul on , Ivo";Christoph;Christoph
Tallinna;""" Ma ei saa aru , mikspärast sa siin nii kaua aega viidad . Kõik panevad imeks , miks sa Tallinna poole edasi ei lähe , kraamid on koos , hobused ja vankrid valmis , sõjakäik lõpetatud - mis sa";Tallinn;Tallinn
Eesti;vägivalda , kui ta sinuga pakku jooksis ? Ometigi ei ole sina mitte midagi ja mina olen kuulus sõjapäälik , Eesti maa Hannibal ! Võid sa silmapilgu kahevahel olla , kuhu poole siin kena Agnese lugupidamine kaalub ? Hahaha !;Eesti;Eesti
Tallinna;. Nende kohus oli täidetud . 10. Jällenägemine . Mõni päev pärast viimati räägitud juhtumist tuli Ivo Schenkenberg oma väesalgaga Tallinna alla . Ta ei läinud väega linna sisse , vaid jäi Lasna mäe all , praeguse Kadrintali kohal laagrisse;Tallinn;Tallinn
Lasna;viimati räägitud juhtumist tuli Ivo Schenkenberg oma väesalgaga Tallinna alla . Ta ei läinud väega linna sisse , vaid jäi Lasna mäe all , praeguse Kadrintali kohal laagrisse . Linnast voolas määratu hulk rahvast välja laagrit vaatama ja sõjameeste käest;Lasna;Lasna
Tallinna;seisis iseäralikult laagri tagumises otsas ja telgi ümber seisivad vahid , kes kedagi võõrast ligi ei lasknud . Hommikul pärast Tallinna alla tulemist istusivad Ivo Schenkenberg ja Agnes von Mönnikhusen telgis pruukosti laual . Agnes oli terve , ta kandis;Tallinn;Tallinn
Tallinnas;"kui Venelaste juurde - sääl on ju tema päris paik , "" kostis Ivo karmilt . "" Aga tal oli Tallinnas tegemist . "" "" Mis tegemist ? "" "" Ta otsib oma isa taga . "" "" Teie usute";Tallinn;Tallinn
Vene;"oma isa taga . "" "" Teie usute kelmi lori ? "" naeris Ivo põlgavalt . "" Tema isa oli Vene harjakas , keda kahekümne aasta eest Tallinnas varguse pärast üles poodi . "" Jälle see umbusklik , jälkust avaldav";Vene;Vene
Tallinnas;"usute kelmi lori ? "" naeris Ivo põlgavalt . "" Tema isa oli Vene harjakas , keda kahekümne aasta eest Tallinnas varguse pärast üles poodi . "" Jälle see umbusklik , jälkust avaldav pilk ! Ivo raputas ennast veidi ja";Tallinn;Tallinn
Tallinna;"see umbusklik , jälkust avaldav pilk ! Ivo raputas ennast veidi ja kõneles siis vähem hooplikul toonil edasi : "" Tallinna poole ei või ta põgenenud olla , sest ta teab , mis teda siin ootab : äraandja palk ,";Tallinn;Tallinn
Tallinna;"mis teda siin ootab : äraandja palk , kole , piinlik surm . Ma usun küll , et ta esiotsa Tallinna poole püüdis . Venelastel on kahtlemata nõuu Tallinna kallale kippuda ja selle inimese on nad salakuulajana ette saatnud ;";Tallinn;Tallinn
Tallinna;"kole , piinlik surm . Ma usun küll , et ta esiotsa Tallinna poole püüdis . Venelastel on kahtlemata nõuu Tallinna kallale kippuda ja selle inimese on nad salakuulajana ette saatnud ; selleks on Gabriel otsekui loodud , sest ta";Tallinn;Tallinn
Tallinna;"minu kätte sattus , see oli meie isamaale vististe suureks õnneks ; see näitab , et üks kõrgem käsi vana Tallinna üle valvab . Kahju , et mina ennast tema haleda vingumise läbi liigutada lasksin ; nüüd on ta putkus";Tallinn;Tallinn
Tallinnas;ta putkus ja võib meile veel mõndagi tuska teha , kuid seda ei ole vähemast mitte karta , et ta Tallinnas oma nägu iganes julgeb näidata . Ühe asja pärast pean ma tema põgenemise üle otse rõõmustama : see kõlvatu;Tallinn;Tallinn
Tallinna;tuhatnelja linna poole . Paar tundi hiljemalt ratsutas üks seltskond suuri saksu linnast Schenkenbergi laagrit vaatlema . Ratsutajate seas olivad Tallinna bürgermeistrid Friedrich Sandstede ja Dietrich Korbmacher , mõisameeste päälik Kaspar von Mönnikhusen ja junker Hans von Risbiter . Mönnikhusen;Tallinn;Tallinn
Kuimetsa;"bürgermeistrid Friedrich Sandstede ja Dietrich Korbmacher , mõisameeste päälik Kaspar von Mönnikhusen ja junker Hans von Risbiter . Mönnikhusen on Kuimetsa õnnetusest saadik veel tõsisemaks ja kärsitumaks saanud , kuna junker Hans veel endine kergemeelne hoopleja ja luiskaja oli ;";Kuimets;Kuimets
Tallinna;"ei ulata kodanikkude ja käsitööliste nimede tarbeks . "" "" Vahest mälestate veel seda suurt riidu , mis mineval suvel Tallinna turul junkrite ja kodaniku-poegade vahel oli ? Ivo Schenkenberg oli viimaste ninamees , kelle nuhtlemist rüütlid pärast suure ägedusega";Tallinn;Tallinn
Tallinna;""" Kuule , mees , kas sa mind ei tunne ? "" "" Ei tunne . "" "" Mina olen Tallinna esimene bürgermeister Friedrich Sandstede ja sinu päälik seisab minu käsu all . "" "" Aga mina seisan pääliku käsu";Tallinn;Tallinn
Sandstede;"Pole sinu asi . Katsuge , et endid siit koristate . "" "" Häbemata mees ! "" kärgatas nüüd ka Sandstede vihaseks saades . "" Ma võin sind ja sinu päälikut kahetsema panna . "" "" Ei , bürgermeister ,";Sandste;Sandste
Tallinna;"küsis ta valjuste . "" Christoph Schenkenbcrg ! "" hüüdis Sandstede talle mõrudalt vastu . "" Kas sedaviisi võetakse siin Tallinna bürgermeistrid vastu ? "" Christoph tegi , nagu paneks ta nüüd alles kõrgeid külalisi tähele . "" Teie siin";Tallinn;Tallinn
Tallinna;"? "" "" Ütelgu , mis tahes , "" kostis Christoph pahaselt käega lüües . "" Ega ma ometigi vägise Tallinna bürgermeistrite vastu võinud hakata . "" Tee pääl jutustas Agnes isale oma põgenemise lugu . Gabrieli nime kuuldes hüüdis";Tallinn;Tallinn
Vene;"surnult kuhugile maha jätnud . "" "" Miks ei pidanud ta põgenema , kui ta teadis , mis teda kui Vene salakuulajat Tallinnas ootas ? "" "" Olge vait , junker Risbiter ! "" hüüdis Agnes põlevail silmil . """;Vene;Vene
Tallinnas;"maha jätnud . "" "" Miks ei pidanud ta põgenema , kui ta teadis , mis teda kui Vene salakuulajat Tallinnas ootas ? "" "" Olge vait , junker Risbiter ! "" hüüdis Agnes põlevail silmil . "" Teie ei";Tallinn;Tallinn
Eesti;Agnesest maha jäätud asemele kummuli maha . 11. Laulatus . Kaspar von Mönnikhusen oli põhjatu rikas . Vaevalt oli keegi Eesti maa mõisnikkude seast sõja läbi nii rasket kahju saanud , kui tema , aga siisgi ei tundnud ta veel;Eesti;Eesti
Kuimetsa;ta vürstlikult elada , laiale pillatud mõisamehi koguda ja neid uueste sõjale valmistada suutis . Tal oli kindel nõuu , Kuimetsa Venelaste käest tagasi võita . Enne aga pidivad Agnese ja Risbiteri pulmad Tallinnas ära peetud saama ja noorpaar sõja;Kuimets;Kuimetsa venelane
Tallinnas;suutis . Tal oli kindel nõuu , Kuimetsa Venelaste käest tagasi võita . Enne aga pidivad Agnese ja Risbiteri pulmad Tallinnas ära peetud saama ja noorpaar sõja kärast eemale , Kuura maale asuma , kus Risbiteril mõis oli . Küll;Tallinn;Tallinn
Kuura;tagasi võita . Enne aga pidivad Agnese ja Risbiteri pulmad Tallinnas ära peetud saama ja noorpaar sõja kärast eemale , Kuura maale asuma , kus Risbiteril mõis oli . Küll tõrkus Agnes vastu , küll tõendas ta sada korda ,;Kuura;Kuura
Risbiteri;küll tõendas ta sada korda , et tema nüüdsel kardetaval ajal isast koguni lahkuda ei raatsi , küll püüdis ta Risbiteri põlgtuse ja kibeda pilkamisega enesest eemale peletada , aga see kõik ei aidanud midagi . Mönnikhusen oli ette võetud;Risbiter;Risbiter
Tallinnas;elab , siis peab ta mind üles otsima , oodaku teda siin mis tahes . Ta teab , et ma Tallinnas olen . Miks ta ei tule ? On ta haige ? On ta surnud ? See oli igakord Agnese;Tallinn;Tallinn
Eesti;Gabriel aga ei tulnud ega tulnud . 11. Laulatus . Kaspar von Mönnikhusen oli põhjatu rikas . Vaevalt oli keegi Eesti maa mõisnikkude seast sõja läbi nii rasket kahju saanud , kui tema , aga siisgi ei tundnud ta veel;Eesti;Eesti
Kuimetsa;ta vürstlikult elada , laiale pillatud mõisamehi koguda ja neid uueste sõjale valmistada suutis . Tal oli kindel nõuu , Kuimetsa Venelaste käest tagasi võita . Enne aga pidivad Agnese ja Risbiteri pulmad Tallinnas ära peetud saama ja noorpaar sõja;Kuimets;Kuimetsa venelane
Tallinnas;suutis . Tal oli kindel nõuu , Kuimetsa Venelaste käest tagasi võita . Enne aga pidivad Agnese ja Risbiteri pulmad Tallinnas ära peetud saama ja noorpaar sõja kärast eemale , Kuura maale asuma , kus Risbiteril mõis oli . Küll;Tallinn;Tallinn
Kuura;tagasi võita . Enne aga pidivad Agnese ja Risbiteri pulmad Tallinnas ära peetud saama ja noorpaar sõja kärast eemale , Kuura maale asuma , kus Risbiteril mõis oli . Küll tõrkus Agnes vastu , küll tõendas ta sada korda ,;Kuura;Kuura
Risbiteri;küll tõendas ta sada korda , et tema nüüdsel kardetaval ajal isast koguni lahkuda ei raatsi , küll püüdis ta Risbiteri põlgtuse ja kibeda pilkamisega enesest eemale peletada , aga see kõik ei aidanud midagi . Mönnikhusen oli ette võetud;Risbiter;Risbiter
Tallinnas;elab , siis peab ta mind üles otsima , oodaku teda siin mis tahes . Ta teab , et ma Tallinnas olen . Miks ta ei tule ? On ta haige ? On ta surnud ? See oli igakord Agnese;Tallinn;Tallinn
Tallinna;mõte , see oli närtsimine ja surm . Gabriel aga ei tulnud ega tulnud . Ivo Schenkenberg viibis ikka veel Tallinna all laagris . Oma endisest tulisest agarusest näis ta palju kaotanud olevat . Pooled päevad istus ta nukras mõttes;Tallinn;Tallinn
Tallinna;ei olnud paraku puudust . Nõnda kasvas Ivo salk päev päevalt suuremaks , kasvas õigeks sõjamäeks , nii et Rootslased Tallinna lossis juba kartusega küsima hakkasivad , kas see neile ja linnale hädaohtu ei ähvarda tuua . Bürgermeistrid püüdsivad neid;Tallinn;Tallinn
Kuimetsas;pidivad pulmad peetud saama - see oli Mönnikhuseni kõikumata tahtmine . Piduliste arv oli linnas veel palju suurem , kui Kuimetsas , sest linn kubises mõisnikkudest . Vaevalt suutis linna suur gildemaja kõiki kutsutud võõraid mahutada . Rüütlid , nende;Kuimets;Kuimets
Liivi;olgu küll , et ehted enamiste põlatud kodanikkude käest laenatud olivad . Vaesuse tundmus ei seganud kellegi pidurõõmu : kuulus Liivi kergemeel ajas viimast korda õisi . Viin ja õlut peletasivad mured kaugele , mehed hooplesivad ja trallitasivad , naesed;Liivi;Liivi
Kirikherra;rüütlite kiriku uks oli lippude ja vannikutega ehitud otsekui vürstliku paari vastuvõtmiseks . Kirikus teretati pruutpaari orelimängu ja lauluga . Kirikherra pidas pika kõne , rääkis vaimustusega kahe kuulsa sugukonna ühendusest - Jumala auuks ja isamaa kasuks . Siis astus;Kirikherra;Kirikherra
Pai;", aga see oli kadunud . "" Viige mind koju , ma olen haige , "" sosistas Agnes . "" Pai , kulla Agnes , ütle enne jah ! "" kerjas Risbiter , kes näost punane ja higine oli .";pai;pai
Eesti;korral küll . Tädi lahkus tasakeste torisedes . Mõni minut hiljemalt kõlistas Agnes lauakella . Kui ümmardaja , noor punapõseline Eesti tüdruk , sisse astus , kargas Agnes ühe krapsuga voodist välja ja hüüdis lustilikult : , , Ruttu ,;Eesti;Eesti
Rootsi;jälle pisut toibunud olin , jutustas isa , kuda ta mind oli leidnud . Tema oli kaua aega suures viletsuses Rootsi maal elanud . Mõne aja eest olivad Rootslased temalt nõudma hakanud , et ta neile sõjas oma isamaa vastu;Rootsi;Rootsi
Moskva;"lubanud , hakkas isa liigutuse pärast suure häälega nutma . Ta oli juba viimse lootuse kaodanud , et isamaad ja Moskva linna ialgi näha saab ; nüüd ähvardas rõõm vana bojari pääst nõdraks teha . "" "" Ja nüüd -";Moskva;Moskva linn
Vene;"näha saab ; nüüd ähvardas rõõm vana bojari pääst nõdraks teha . "" "" Ja nüüd - nüüd lähete mõlemad Vene maale ? "" küsis Agnes vähe kuuldavalt . "" Nüüd läheme otsekohe Vene maale . Ma ei taha puhata";Vene;Vene
Vene;""" Ja nüüd - nüüd lähete mõlemad Vene maale ? "" küsis Agnes vähe kuuldavalt . "" Nüüd läheme otsekohe Vene maale . Ma ei taha puhata , enne kui minu isa endise täie auu sisse on tõstetud . Mul";Vene;Vene
Moskvas;". "" "" Kahju ! "" õhkas Agnes . "" Kuda nii , kahju ? "" imestas Gabriel . "" Moskvas on palju nägusaid vürstitütriid …"" "" Seda parem , "" naeris Gabriel tasakeste , aga südamest , "" seda";Moskva;Moskva
Tallinna;"külge surudes . "" Mõtle , et ma , kui vaevalt jälle jalal jäksasin seista , võlla kartusest hoolimata kohe Tallinna tõttasin kadunud reisiseltsilist taga otsima . Kas see midagi ei tähenda ? Enne kui keegi vürstitütar minu meelest sinule";Tallinn;Tallinn
Vene;""" Mis see tähendab ? "" "" Oled sa valmis , kui vaja ja kui aeg käes on , ka Vene maale minu kaasa tulema ? Mõtle , mina ise olen poolelt Venelane ! "" Agnes ei viibinud silmapilkugi vastusega";Vene;Vene
Põltsamaalt;ei olnud oma välja valitud väimehest kaugeltgi enam nii vaimustatud , kui sel korral , kui ta tema verivaenlase Fahrensbach'i Põltsamaalt Kuimetsa tõi . Vaheajal olivad Venelased Fabrensback’i jälle vangist lahti päästnud ja Mönnikhuseni silmade päält oli kae junker Hansu;Põltsamaa;Põltsamaa
Kuimetsa;olnud oma välja valitud väimehest kaugeltgi enam nii vaimustatud , kui sel korral , kui ta tema verivaenlase Fahrensbach'i Põltsamaalt Kuimetsa tõi . Vaheajal olivad Venelased Fabrensback’i jälle vangist lahti päästnud ja Mönnikhuseni silmade päält oli kae junker Hansu vigade;Kuimets;Kuimets
Kuimetsas;et tema olekus sügav muudatus oli sündinud . Ta ei olnud enam nii elav , nii vallatu , kui ta Kuimetsas olnud , ei ka nii eluta ja tuim , nagu seda Tallinnas nähtud , vaid rahuline , tõsine ,;Kuimets;Kuimets
Tallinnas;nii elav , nii vallatu , kui ta Kuimetsas olnud , ei ka nii eluta ja tuim , nagu seda Tallinnas nähtud , vaid rahuline , tõsine , sagedaste mõttes . Majatallituse eest kandis ta veel suurema agarusega hoolt ,;Tallinn;Tallinn
Põltsamaa;Ometigi olen ma sulle suurte tegudega näidanud , kui kuumalt ma sind armastan . Sinu pärast tungisin ma peaaegu üksipäine Põltsamaa lossi sisse ja võtsin sinu isa verivaenlase vangi , ja Kuimetsas oleksin ma vististe su elu päästnud , kui;Põltsamaa;Põltsamaa
Kuimetsas;sind armastan . Sinu pärast tungisin ma peaaegu üksipäine Põltsamaa lossi sisse ja võtsin sinu isa verivaenlase vangi , ja Kuimetsas oleksin ma vististe su elu päästnud , kui sa nii kaua oleksid läbenud oodata . Sa naeratad , aga;Kuimets;Kuimets
Kuura;"päästa lasksid . "" "" Palun andeks . . . "" Selle läbirääkimise järeldus oli , et Risbiter teisel päeval Kuura maale oma mõisa pääle reisis . Agnest Jumalaga jättes tegi ta kavala , "" rääkiva "" näo , otsekui";Kuura;Kuura
Tallinnast;"Parem lähen kloostrisse . "" Paar päeva hiljemalt asus Agnes Pirita kloostrisse elama ja Kaspar von Mönnikhusen läks mõisameeste salgaga Tallinnast välja . - Pirita klooster - jätis Katoliku ajast , mis Eesti maal aastal 1525 lõppes - oli sel";Tallinn;Tallinn
Eesti;elama ja Kaspar von Mönnikhusen läks mõisameeste salgaga Tallinnast välja . - Pirita klooster - jätis Katoliku ajast , mis Eesti maal aastal 1525 lõppes - oli sel ajal veel suur ja tore ehitus , rikas raha ja maade poolest;Eesti;Eesti
Tallinna;"oli viimsel ajal veel kõrgemaks ja kindlamaks tehtud ; seda oli hädaste vaja , sest uue usu ülesvõtmisest saadik hakkas Tallinna rahva auukartus püha paiga kohta kahanema , kloostri rikkus riisumise himu äratama . Abtess Magdalena oli valju , kindla";Tallinn;Tallinn
Saksa;, kindla loomuga naesterahvas , keda misgi asi ei hirmutanud . Ise vanast Saksa soost sündinud , uskus ta kindlaste Saksa rahva murdmata võimu ja väe sisse ja põlgas Venelasi . Suure sõja hakatusest saadik oli linna poolt mitmel korral;saksa;saksa
Rootsi;"kloostrist kindlus Venelaste vastu tehtud saaks , aga abtess Magdalena ei tahtnud sest kuuldagi ega võtnud ka kloostri kaitsmiseks pakutud Rootsi väesalka vastu ; ta ei uskunud , et keegi vaenlane kloostrisse puutuda julgeb . Tema julgus oli ka Mönnikhuseni";Rootsi;Rootsi
Tallinna;"mis suurem ja valgem oli , kui nonnede kongid ; kõrgest aknast ulatas pilk kaugele üle merelahe , mille sõrval Tallinna müürid ja teravad tornid otsekui vee seest üles kerkisivad . Igapäevastest jumalateenistustest ja palvetamistest kirikus , nagu ka nonnede";Tallinn;Tallinn
Kuimetsa;"ja oma sugukonda kõige suurema häbi sisse kukutada ? Kes teab , mis veel oleks juhtunud , kui sa kauemaks Kuimetsa oleksid jäänud ! "" "" Magdalena Zoege ! "" ütles Agnes varjamata põlgtusega , "" kui Teie seda nime";Kuimets;Kuimets
Maarja;", mis kord korralt nõrgemaks läks : "" Ei . "" ) Täie nimega : Püha Brigitta klooster Marienthal ( Maarja org ) , Tallinna ligidal , Kose jõe suu ääres , kus varemed veel praegu näha on . Klooster";Maarja;Maarja
Tallinna;"nõrgemaks läks : "" Ei . "" ) Täie nimega : Püha Brigitta klooster Marienthal ( Maarja org ) , Tallinna ligidal , Kose jõe suu ääres , kus varemed veel praegu näha on . Klooster , aastatel 1407 -";Tallinn;Tallinn
Kose;""" Ei . "" ) Täie nimega : Püha Brigitta klooster Marienthal ( Maarja org ) , Tallinna ligidal , Kose jõe suu ääres , kus varemed veel praegu näha on . Klooster , aastatel 1407 - 1436 ehitatud ,";Kose;Kose jõgi
Tallinna;tarbeks , ja seisis suurtsugu naesterahva ( abtessi ) valitsuse all . Viimne abtess oli Magdalena von Zoege . 14. Tallinna ümberpiiramine . 22. Januaril 1577 tõivad välja saadetud salakuulajad sõnumi Tallinna , et suur Venesõjavägi linna pääle tulemas ja;Tallinn;Tallinn
Tallinna;. Viimne abtess oli Magdalena von Zoege . 14. Tallinna ümberpiiramine . 22. Januaril 1577 tõivad välja saadetud salakuulajad sõnumi Tallinna , et suur Venesõjavägi linna pääle tulemas ja juba Jõelahkmele jõudnud olla . Bürgermeistrid Friedrich Sandstede ja Dietrich Korbmacher;Tallinn;Tallinn
Rootsi;"kõrged ja kindlad , linn kubises sõjameestest , suurtükka ja sõja moona oli määratu hulk kokku kogutud . Lossis asus Rootsi kuberner , vapper ja osav sõjamees Hinrik Horn sõjas harjunud väesalgaga ; mõne päeva eest olivad ka Kaspar von";Rootsi;Rootsi
Kuimetsas;Mönnikhusen ja Ivo Schenkenberg oma salkade riismetega linna jõudnud . Mõisameestele oli teist korda see äpardus juhtunud , et Venelased Kuimetsas ja Uuemõisas häkiste nende kallale kippusivad ja neid põgenema sundisivad . Kõige raskem oli see löök mõisameeste päälikule .;Kuimets;Kuimets
Uuemõisas;Ivo Schenkenberg oma salkade riismetega linna jõudnud . Mõisameestele oli teist korda see äpardus juhtunud , et Venelased Kuimetsas ja Uuemõisas häkiste nende kallale kippusivad ja neid põgenema sundisivad . Kõige raskem oli see löök mõisameeste päälikule . Mönnikhusen oli;Uuemõis;Uuemõis
Eesti;väljaehtimiseks kõik oma raha ja vara ära kulutanud , lootes , et seda Venelaste käest ja nende käsu all seisvatest Eesti ning Liivi maakondadest kümnevõrra tagasi võtab . Nüüd oli ta vaene kui kiriku rott ja nõudis Rootslaste käest kahjutasumist;Eesti;Eesti
Liivi;oma raha ja vara ära kulutanud , lootes , et seda Venelaste käest ja nende käsu all seisvatest Eesti ning Liivi maakondadest kümnevõrra tagasi võtab . Nüüd oli ta vaene kui kiriku rott ja nõudis Rootslaste käest kahjutasumist , aga;Liivi;Liivi maakond
Rootsi;ei tahtnud temale ega teiste rüütlitele viletsat armuleibagi anda , vaid nõudsivad omaltpoolt tasumist selle kahju eest , mida mõisamehed Rootsi alamatele Harju ja Lääne maal teinud . Kerge on arvata , kui valusaste see õnnetus uhke Mönnikhuseni südant näris;Rootsi;Rootsi
Harju;temale ega teiste rüütlitele viletsat armuleibagi anda , vaid nõudsivad omaltpoolt tasumist selle kahju eest , mida mõisamehed Rootsi alamatele Harju ja Lääne maal teinud . Kerge on arvata , kui valusaste see õnnetus uhke Mönnikhuseni südant näris . Ka;Harju;Harju
Lääne;teiste rüütlitele viletsat armuleibagi anda , vaid nõudsivad omaltpoolt tasumist selle kahju eest , mida mõisamehed Rootsi alamatele Harju ja Lääne maal teinud . Kerge on arvata , kui valusaste see õnnetus uhke Mönnikhuseni südant näris . Ka Ivo Schenkenbergist;Lääs;Lääs
Viru;näris . Ka Ivo Schenkenbergist oli õnn viimsel ajal lahkunud . Ta oli omaväärilise vastase leidnud . Venelased olivad temale Viru ja Järva talupoegadest kokku pandud väesalga vastu seadnud , mis vürst Gabriel Sagorski käsu all seisis . Siin võitlesivad;Viru;Viru
Järva;Ka Ivo Schenkenbergist oli õnn viimsel ajal lahkunud . Ta oli omaväärilise vastase leidnud . Venelased olivad temale Viru ja Järva talupoegadest kokku pandud väesalga vastu seadnud , mis vürst Gabriel Sagorski käsu all seisis . Siin võitlesivad siis Eestlased;Järva;Järva
Tallinna;ta kannul , kippus päeval ja öösel ta kallale ja sundis teda viimaks üle pää kaela lagedalt maalt põgenema ja Tallinna müüride vahelt varjupaika otsima . Ivo täht kustus , kuna Gabriel Sagorski nimi Eesti maal kuulsaks ja kardetuks sai;Tallinn;Tallinn
Eesti;pää kaela lagedalt maalt põgenema ja Tallinna müüride vahelt varjupaika otsima . Ivo täht kustus , kuna Gabriel Sagorski nimi Eesti maal kuulsaks ja kardetuks sai . Selle nime kõla tungis viimaks ka Pirita kloostri kongidesse , kus mungad ja;Eesti;Eesti
Lasna;"; ainult see vaikne urgas , kus Agnes von Mönnikhuseni vangis peeti , jäi temast puutumata . 23. Januaril ilmusivad Lasna mäel esimesed Vene väehulgad . Linna poolt pisteti alevi majad põlema , lõhuti aead ära ja raiuti puud maha";Lasna;Lasna
Vene;vaikne urgas , kus Agnes von Mönnikhuseni vangis peeti , jäi temast puutumata . 23. Januaril ilmusivad Lasna mäel esimesed Vene väehulgad . Linna poolt pisteti alevi majad põlema , lõhuti aead ära ja raiuti puud maha , et vaenlased;Vene;Vene
Tallinn;raiuti puud maha , et vaenlased pääletungimiseks katet ei leiaks . Kuni õhtuni kestis Venelaste kogumine ja teisel hommikul oli Tallinn maa poolt täieste sisse piiratud . Kõik Vene vägi , arvu järele ligi 50,000 meest , oli viide laagrisse;Tallinn;Tallinn
Vene;ei leiaks . Kuni õhtuni kestis Venelaste kogumine ja teisel hommikul oli Tallinn maa poolt täieste sisse piiratud . Kõik Vene vägi , arvu järele ligi 50,000 meest , oli viide laagrisse ära jaotatud , millede rida Lasna mäe alt;Vene;Vene
Tallinna;"Mstislavski ; tema abiline ja parem käsi oli kuulus sõjamees Ivan Selimetin-Kolzov , kes tsaarile oli vandunud , et ta Tallinna ära võita või oma elu jätta tahab . Nende üleskutse pääle , linna ilma verevalamiseta Venelaste kätte anda ja";Tallinn;Tallinn
Vene;"ja Rootslastel oli viis korda rohkem suurtükka ja sõjamoona kui Venelastel ; ta oli see teatud asi , et selleaegsed Vene sõjamehed lahingus küll kardetavad , ümberpiiramise kunstis aga ilma osavuseta olivad . Nõnda arvasivad Tallinnlased ümberpiirajate suurt arvu julgeste";Vene;Vene
Vene;arvasivad Tallinnlased ümberpiirajate suurt arvu julgeste põlata võivat . Nad elasivad priskeste ja pühitsesivad koguni pulmi ja pidusid , kuna Vene kantsis Tõnismäel suurtükid paukusivad ja esimesed tulekuulid raksudes telliskivikatustest läbi lõivad . Et Venelaste arvu ja nende nõuu kindlaste;Vene;Vene
Tõnismäel;ümberpiirajate suurt arvu julgeste põlata võivat . Nad elasivad priskeste ja pühitsesivad koguni pulmi ja pidusid , kuna Vene kantsis Tõnismäel suurtükid paukusivad ja esimesed tulekuulid raksudes telliskivikatustest läbi lõivad . Et Venelaste arvu ja nende nõuu kindlaste teada saada;Tõnismägi;Tõnismägi
Rootsi;Et Venelaste arvu ja nende nõuu kindlaste teada saada , anti Ivo Schenkenbergile käsk , oma salgaga ja ühe osa Rootsi ratsanikkudega häkiste linnast välja langeda ja mõnda Venelast elusalt kinni püüda . Ivo täitis käsku . Pimedal ööl sai;Rootsi;Rootsi
Viru;Rootsi ratsanikkudega häkiste linnast välja langeda ja mõnda Venelast elusalt kinni püüda . Ivo täitis käsku . Pimedal ööl sai Viru värav üles tõmmatud ja salk ratsamehi välja lastud . Nad sõitsivad esmalt pikkamisi , endid võimalikult põlenud majade rusude;Viru;Viru
Saksa-Rootsi;üles , mõned võtsivad sõjariistad käsile ja hakkasivad ratsanikkudele vastu , teised pistsivad kohkunult jooksu , arvates , et terve Saksa-Rootsi sõjavägi laagri kallale kipub . Ivo mehed oleksivad oma esialgset ülesannet - mõnda Venelast vangi võtta ja nendega taganeda;Saksa-Roots;Saksa-Roots
Lasna;"ikka edasi ja edasi ja üks osa hakkas juba maha jäätud tellisid lühendama . Korraga tõusis laagri tagumises otsas , Lasna mäe jalal , uus kära ; selgeste kuuldi Venelaste rõõmuhõiskamist : "" Vürst Sagorski , vürst Sagorski ! """;Lasna;Lasna mägi
Tallinna;"Venelaste rõõmuhõiskamist : "" Vürst Sagorski , vürst Sagorski ! "" Gabriel oli oma salgaga lagedalt maalt tulles selsamal õhtul Tallinna alla jõudnud ja Lasna mäel olevas kivimurrus laagrisse asunud . Öösel mäe alt tumedat kära kuuldes ja märgates ,";Tallinn;Tallinn
Rootsi;silmapilgul oli Gabriel ise maha karanud ja surnu verise pää üles tõstnud . See ei olnud Ivo , vaid lihtne Rootsi sõjamees . Teda silmates sähvis kentsakas mõte Gabrieli pääst läbi . Ruttu kiskus ta Rootslase seljast kuue , tõmbas;Rootsi;Rootsi
Viru;ühtlasi ka nende kardetud vaenlane linna sisse . Hilisest ööst hoolimata olivad linna pääuulitsad veel elu ja liikumist täis . Viru värava juurde oli palju inimesi kogunud , kes tulelontide valgusel veriste päädega koju saadetud sõjamehi vahtisivad ja väga vähe;Viru;Viru
Vene;saadetud sõjamehi vahtisivad ja väga vähe kaastundmust avaldades nende üle kibedat nalja heitsivad . Oli juba teada , et nad Vene vangide asemel ainult Vene löökide jälgi koju olivad toonud . Kui Gabriel rahva vahelt läbi sõitis , hüüdis keegi;vene;vene
Vene;"väga vähe kaastundmust avaldades nende üle kibedat nalja heitsivad . Oli juba teada , et nad Vene vangide asemel ainult Vene löökide jälgi koju olivad toonud . Kui Gabriel rahva vahelt läbi sõitis , hüüdis keegi : "" KülI aga";vene;vene
Viru;et teda haavatuks arvati , ja rõõmustas , et see asi teda veel enam tundmataks tegi . Kui ta elavast Viru uulitsast kiireste ratsutades läbi oli pääsenud , viivitas ta hobuse sammu , käänas kõrvalise , pimeda uulitsa sisse ja;Viru;Viru
Toompää;nüüd teha . Hää meelega oleks ta otsekohe Toompää mäest üles sõitnud ja Mönnikhuseni maja sisse tunginud , aga kuda Toompää väravast ja Rootsi vahtidest läbi pääseda , ilma et need pettust oleksivad märganud ? Gabriel teadis , et mõisameeste;Toompää;Toompää
Rootsi;Hää meelega oleks ta otsekohe Toompää mäest üles sõitnud ja Mönnikhuseni maja sisse tunginud , aga kuda Toompää väravast ja Rootsi vahtidest läbi pääseda , ilma et need pettust oleksivad märganud ? Gabriel teadis , et mõisameeste päälik teist korda;Rootsi;Rootsi
Tallinna;Rootsi vahtidest läbi pääseda , ilma et need pettust oleksivad märganud ? Gabriel teadis , et mõisameeste päälik teist korda Tallinna oli pidanud põgenema , aga kuhu oli Agnes jäänud ? Gabrieli süda kipitas seda teada saada , ja see;Tallinn;Tallinn
Harju;oligi teda pöörase julgustükile - üksipäine vaenulise linna sisse tungima kihutanud . Mõteldes jõudis Gabriel tuttava kõrtsi ette , mis Harju värava lähedal seisis . Kõrtsitoast paistis valgus ja oli tumedat häälte kõminat kuulda . Aknast ' sisse piiludes nägi;Harju;Harju
Viru;"kära , Venelased ärkasivad unest ja hakkasivad vastu . Meie pistsime muidugi kohe punuma , aga nad ajasivad meid kuni Viru väravani taga ja oleksivad peaaegu meiega tükis linna sisse tunginud . "" "" Nonoh , siin oleks neid hoopis";Viru;Viru
Tallinna;"sisse tunginud . "" "" Nonoh , siin oleks neid hoopis teistviisi vastu võetud , "" kiitles üks päältkuulaja täie Tallinna kodaniku uhkusega . "" Aga kuda võisivad nemad teid taga ajada ? Teid saadeti ju Lasna mäe aluse laagri";Tallinn;Tallinn
Lasna;"kiitles üks päältkuulaja täie Tallinna kodaniku uhkusega . "" Aga kuda võisivad nemad teid taga ajada ? Teid saadeti ju Lasna mäe aluse laagri vastu välja , kus tänini ratsaväge ei ole nähtud , kuna teie minu teada kõik ratsa";Lasna;Lasna
Tallinna;"laagris ei olnud . Kas sa seda lugu veel ei tunne ? "" "" Ei , ma tulin alles hiljuti Tallinna . "" "" Vaata , Ivo oli Mönnikhuseni tütri Venelaste käest ära päästnud ja sääljuures oma südame kaodanud .";Tallinn;Tallinn
Harju;ja teist ja käskis süüa valmistada , kus juures teine kullatükk kõrtsmiku pihku libises . Tund aega pääle südaööd sai Harju värav üles tõmmatud ja Rootsi-Saksa sõjavägi läks sügavas vaikuses välja . Kui kõik väljas olivad ja väravat jälle kinni;Harju;Harju
Rootsi-Saksa;valmistada , kus juures teine kullatükk kõrtsmiku pihku libises . Tund aega pääle südaööd sai Harju värav üles tõmmatud ja Rootsi-Saksa sõjavägi läks sügavas vaikuses välja . Kui kõik väljas olivad ja väravat jälle kinni hakati panema , tuli veel;Rootsi-Saks;Rootsi-Saks
Rootsi;sõjavägi läks sügavas vaikuses välja . Kui kõik väljas olivad ja väravat jälle kinni hakati panema , tuli veel üksik Rootsi ratsamees teiste järele kihutades . Hädavaevalt pääsis ta veel langeva värava alt läbi . Lumesadu oli lõppenud . Aeg;Rootsi;Rootsi
Vene;alt läbi . Lumesadu oli lõppenud . Aeg ajalt heitis kuu lõhki kärisenud pilvete vahelt pilgu valgendava maa pääle . Vene kantsis Tõnismäel olivad tuled kustunud . Mullavalli pääl seisis üksik vahimees ja toetas ennast pool tukkudes pika püssi najale;Vene;Vene
Tõnismäel;. Lumesadu oli lõppenud . Aeg ajalt heitis kuu lõhki kärisenud pilvete vahelt pilgu valgendava maa pääle . Vene kantsis Tõnismäel olivad tuled kustunud . Mullavalli pääl seisis üksik vahimees ja toetas ennast pool tukkudes pika püssi najale . Häkiste;Tõnismägi;Tõnismägi
Rootsi;"Enne kui vahimees ähvardust sai täide saata , oli ratsamees mullavallist üles kihutanud . Pauk raksus , ratsaniku pääst lendas Rootsi kübar maha . Järgmisel silmapilgul kiskus Gabriel kiivri vahimehe pääst ja pani ta oma pähe ; Rootsi sõjamehe kuue";Rootsi;Rootsi
Rootsi;"ratsaniku pääst lendas Rootsi kübar maha . Järgmisel silmapilgul kiskus Gabriel kiivri vahimehe pääst ja pani ta oma pähe ; Rootsi sõjamehe kuue oli ta juba varemalt seljast ära visanud . Selsamal ajal ütles ta kohkunud vahimehele : "" Nüüd";Rootsi;Rootsi
Vene;"vahimehele : "" Nüüd jookse telkide vahelt läbi ja karju kõigest jõust , nagu mina teen : "" Üles , Vene mehed , vaenlased tulevad ! "" Vaenlased tulivadgi juba . Nagu tuulispask tormas esmalt suur ratsameeste salk mullavallist üles";Vene;Vene
Saksa;reas , ta mõõk möllas vastaste ratsanikkude hulgas . Ta otsis Ivod , aga ei leidnud teda kusagilt . Ühes Saksa rüütlis , kellel raudkübar punaste sulgedega pääs oli ja kes Sakslaste esimeses reas kui lõukoer võitles , arvas Gabriel;Saksa;Saksa rüütel
Vene;saanud sõna rääkida , vaid ajas verist vahtu suust välja . Püssikuul oli talle rindu tunginud . Gabriel kutsus kaks Vene sõjameest ja käskis haavatud rüütli kantsi ülema vürst Priemka telki kanda . Kui Gabriel säält tagasi tuli ja uueste;Vene;Vene
Eesti;"aga selsamal silmapilgul tungis Gabrieli mõõk ta kaelast läbi ja sirutas ta surnult lume pääle maha . "" Jumalaga , Eesti maa Hannibal ! "" ümises Gabriel teda silmates . "" Kahju , et sel kangel ja kavalal mehel auusamat";Eesti;Eesti
Pirita;"kahvatu , aga ta silmist välkus vana rüütlisoo painumata uhkus . "" Kes sa oled , ori , et sa Pirita kloostri valitseva abtessiga sel viisil rääkida julged ? "" hüüdis ta pühalikult . "" Minu nimi on Gabriel Sagorski";Pirita;Pirita
Viimse;". Vana rüütel oli täiel mõistusel , aga tema näo pääle oli lähenev surm juba oma kohutava varju heitnud . Viimse jõuga sirutas surija Gabrielile käe vastu ja püüdis lahkeste naeratada . "" Ma tänan Teid , vürst Sagorski ,";Viimne;Viimne
Saksa;"on loetud , "" kostis Mönnikhusen magusalt . "" Kas teate , vürst , et Teie ülemal käsuandjal väga tark Saksa ihuarst on ? Ta on nimelt just niisama tark , kui mina ise , sest ta kuulutas mulle ette";Saksa;Saksa
Liivi;? Mis asi peaks mulle siin ilmas veel nalja tegema ? Minu sõjakuulsuse läik on kustunud , mu isamaa , Liivi orduriik , on hukka läinud , kõik mu vara on ära pillatud , oma ainsa lapse olen ma ise;Liivi;Liivi orduriik
Saksa;mind , vürst , enne tänast päeva ei oleks ma sulle oma tütri kätt mitte lubanud , sest ma olen Saksa rüütel ja suren sinu rahva vaenlasena ! - aga sa oled ise tema pärast võidelnud ja teda enesele võidu;Saksa;Saksa rüütel
Tallinna;vana rüütli silmis . Siis vajusivad nad väsinult kinni . Õhtul heitis Mönnikhusen hinge . Vürst Sagorski lahkus oma väesalgaga Tallinna alt ja läks esmalt Kuimetsa , kus rüütli surelikud riismed tema viimast soovi mööda perekonna matusepaigale puhkama pandi .;Tallinn;Tallinn
Kuimetsa;vajusivad nad väsinult kinni . Õhtul heitis Mönnikhusen hinge . Vürst Sagorski lahkus oma väesalgaga Tallinna alt ja läks esmalt Kuimetsa , kus rüütli surelikud riismed tema viimast soovi mööda perekonna matusepaigale puhkama pandi . Siis usaldas vürst oma väesalga;Kuimets;Kuimets
Vene;perekonna matusepaigale puhkama pandi . Siis usaldas vürst oma väesalga mõneks ajaks ustava asemiku käsu alla ja , reisis pruudiga Vene maale oma isa juurde , kes tsaari armust omad mõisad ja seisuse õigused tagasi oli saanud , kuid selle;Vene;Vene
Moskvasse;, kes tsaari armust omad mõisad ja seisuse õigused tagasi oli saanud , kuid selle tingimisega , et ta ialgi Moskvasse ei tohtinud tulla . Siin saivad toredad pulmad ära peetud . Pärast pulmi kutsus tsaar Ivan noore paari enese;Moskva;Moskva
Eesti;leidis neist suurt meelehääd , kinkis noorikule kalli ehte ja andis Gabrielile kõrge ameti oma enese kojas . Liivi ja Eesti maal ei saanud Gabriel sõjast enam osa võtta . Kuda suur Liivi sõda viimaks lõppes , seda jutustada on;Eesti;Eesti
Tallinnast;viimaks lõppes , seda jutustada on ajaloo asi . Meie nimetame siin ainult nii palju , et Venelased sel korral Tallinnast võitu ei saanud , vaid seitsmenädalase ümberpiiramise järele sõjamoona puuduse pärast taganema pidivad . Gabrieli ja Agnese kaugema elukäigu;Tallinn;Tallinn
Pihkva;õnne ja kustumata armastuse soe läik loori läbi kumab . Vürst Sagorski nime leiame veel nende kangelaste seast , kes Pihkva linna kuulsa Poola kuninga Stephan Bathory vastu imeliku visadusega kaitsesivad ja sel viisil Moskva riiki raskest õnnetusest päästsivad ,;Pihkva;Pihkva linn
Poola;armastuse soe läik loori läbi kumab . Vürst Sagorski nime leiame veel nende kangelaste seast , kes Pihkva linna kuulsa Poola kuninga Stephan Bathory vastu imeliku visadusega kaitsesivad ja sel viisil Moskva riiki raskest õnnetusest päästsivad , kuhu ühendatud vaenlaste;Poola;Poola
Moskva;veel nende kangelaste seast , kes Pihkva linna kuulsa Poola kuninga Stephan Bathory vastu imeliku visadusega kaitsesivad ja sel viisil Moskva riiki raskest õnnetusest päästsivad , kuhu ühendatud vaenlaste ülikange jõud teda oli kukutanud . Varsti pärast seda tegi tsaar;Moskva;Moskva
Rootsi;õnnetusest päästsivad , kuhu ühendatud vaenlaste ülikange jõud teda oli kukutanud . Varsti pärast seda tegi tsaar Ivan Poola ja Rootsi kuningatega rahu , kuna need viimased nüüd isekeskis hukka läinud orduriigi riismete pärast riidu läksivad . Veel mitu ja;Rootsi;Rootsi
Moskva;riismete pärast riidu läksivad . Veel mitu ja mitu aastat pidi see õnnetu pind hirmsa sõja sõtkumist kannatama , kuna Moskva riik puhkas , kosus ja aegamööda seda imelikku jõudu kogus , millega ta pärast Rootsi ja Poola maa kangema;Moskva;Moskva riik
Rootsi;sõja sõtkumist kannatama , kuna Moskva riik puhkas , kosus ja aegamööda seda imelikku jõudu kogus , millega ta pärast Rootsi ja Poola maa kangema võimu murdis ja välja kurnatud orduriigi maadele oma vägeva kaitse all rahulist õnne ja edenemist;Rootsi;Rootsi
Poola;kannatama , kuna Moskva riik puhkas , kosus ja aegamööda seda imelikku jõudu kogus , millega ta pärast Rootsi ja Poola maa kangema võimu murdis ja välja kurnatud orduriigi maadele oma vägeva kaitse all rahulist õnne ja edenemist tõi .;Poola;Poola
