Sisend ID;PAARID;KOHAD;POS_KOHAD;KOLLOKAADID;POS_KOLLOKAADID;NER_KOLLOKAADID;KOKKU;KOHT_KOKKU;KOLL_KOKKU;N;E;Z-skoor;Täisaadress;Kvaliteet;Objekti liik;Koodaadress;L-Est X;L-Est Y;N;E;N (dms);E (dms)
1;Saksa-Rootsi esialgne;Saksa-Rootsi;H;esialgne;A;O;1;1;1;45442;0,0000220061;213,1666015632;;Aadressi ei leitud;;;;;;;;
2;Lääne-Euroopa äärne;Lääne-Euroopa;H;äärne;A;O;1;1;1;45442;0,0000220061;213,1666015632;;Aadressi ei leitud;;;;;;;;
3;Rootsimaa tõenäitlik;Rootsimaa;H;tõenäitlik;A;O;1;2;1;45442;0,0000440121;150,7282324053;"Saare maakond, Saaremaa vald, Laadla küla, Rootsimaa";"Leiti aadress, üks objekti vaste";3;747144009000000002Y8K000000000000;6427587;384092;57,9745;22,041;"57°58'28.19""";"22°2'27.59"""
4;Järva omavääriline;Järva;H;omavääriline;A;O;1;3;1;45442;0,0000660182;123,0663780216;Järva maakond;"Leiti aadress, üks objekti vaste";1;520000000000000000000000000000000;6528508;590491;58,88629;25,5695;"58°53'10.63""";"25°34'10.20"""
5;Järva säälne;Järva;H;säälne;A;O;1;3;1;45442;0,0000660182;123,0663780216;Järva maakond;"Leiti aadress, üks objekti vaste";1;520000000000000000000000000000000;6528508;590491;58,88629;25,5695;"58°53'10.63""";"25°34'10.20"""
6;Lääs äärne;Lääs;H;äärne;A;O;1;3;1;45442;0,0000660182;123,0663780216;"Harju maakond, Raasiku vald, Järsi küla, Alajaama 1";"Ajalooline aadress, leiti uus kehtiv vaste";3;376512335000000009GER000000000000;6580928;559549;59,3622;25,04713;"59°21'43.92""";"25°2'49.68"""
7;Piibe kirju;Piibe;H;kirju;A;O;1;1;3;45442;0,0000660182;123,0663780216;"Lääne-Viru maakond, Väike-Maarja vald, Piibe küla";"Leiti aadress, üks objekti vaste";1;609286158000000000000000000000000;6535597;625510;58,94112;26,18051;"58°56'28.02""";"26°10'49.82"""
8;Järva õhtupoolne;Järva;H;õhtupoolne;A;O;1;3;1;45442;0,0000660182;123,0663780216;Järva maakond;"Leiti aadress, üks objekti vaste";1;520000000000000000000000000000000;6528508;590491;58,88629;25,5695;"58°53'10.63""";"25°34'10.20"""
9;Kadriorg praegune;Kadriorg;H;praegune;A;O;2;2;9;45442;0,0003961093;100,4700085515;"Harju maakond, Tallinn, Kesklinna linnaosa, A. Alle tn";"Leiti aadress, üks objekti vaste";2;377840298000005VZ0000000000000000;6589294;544369;59,43915;24,78195;"59°26'20.93""";"24°46'55.00"""
10;Saksamaa lihtne;Saksamaa;H;lihtne;A;O;2;2;9;45442;0,0003961093;100,4700085515;"Tartu maakond, Peipsiääre vald, Papiaru küla, Saksamaa";"Leiti aadress, üks objekti vaste";3;795865981000000001R6E000000000000;6490653;666206;58,52418;26,85357;"58°31'27.05""";"26°51'12.86"""
11;Toompea väike;Toompea;H;väike;A;O;1;5;1;45442;0,0001100304;95,3226106967;"Harju maakond, Tallinn, Kesklinna linnaosa, Toompea tn";"Leiti aadress, üks objekti vaste";2;377840298000004AY0000000000000000;6588658;541967;59,43368;24,73949;"59°26'1.26""";"24°44'22.18"""
12;Kura peetud;Kura;H;peetud;A;O;2;3;7;45442;0,0004621275;93,0140823195;"Saare maakond, Saaremaa vald, Kuralase küla";"Leiti aadress, üks objekti vaste";1;747143632000000000000000000000000;6482667;381216;58,46804;21,96417;"58°28'4.95""";"21°57'51.02"""
13;vene lagunenud;vene;G;lagunenud;A;O;1;6;1;45442;0,0001320364;87,0153250796;"Lääne-Viru maakond, Vinni vald, Venevere küla";"Leiti aadress, üks objekti vaste";1;609019204000000000000000000000000;6544575;655117;59,012;26,70065;"59°0'43.19""";"26°42'2.34"""
14;Piibe üleüldine;Piibe;H;üleüldine;A;O;1;1;6;45442;0,0001320364;87,0153250796;"Lääne-Viru maakond, Väike-Maarja vald, Piibe küla";"Leiti aadress, üks objekti vaste";1;609286158000000000000000000000000;6535597;625510;58,94112;26,18051;"58°56'28.02""";"26°10'49.82"""
15;Narva üleüldine;Narva;H;üleüldine;A;O;1;1;6;45442;0,0001320364;87,0153250796;"Ida-Viru maakond, Narva linn";"Leiti aadress, üks objekti vaste";1;455110000000000000000000000000000;6589461;738257;59,37609;28,19387;"59°22'33.92""";"28°11'37.93"""
16;Uuemõisa arusaadav;Uuemõisa;S;arusaadav;A;O;1;2;3;45442;0,0001320364;87,0153250796;"Lääne maakond, Haapsalu linn, Uuemõisa alevik";"Leiti aadress, üks objekti vaste";1;561848769000000000000000000000000;6533682;475202;58,94153;23,56925;"58°56'29.50""";"23°34'9.29"""
17;Kadriorg määratu;Kadriorg;H;määratu;A;O;1;2;4;45442;0,0001760486;75,3541649549;"Harju maakond, Tallinn, Kesklinna linnaosa, A. Alle tn";"Leiti aadress, üks objekti vaste";2;377840298000005VZ0000000000000000;6589294;544369;59,43915;24,78195;"59°26'20.93""";"24°46'55.00"""
18;Lõuna-Liivi järgmine;Lõuna-Liivi;H;järgmine;A;O;1;1;8;45442;0,0001760486;75,3541649549;;Aadressi ei leitud;;;;;;;;
19;Jägala õhtupoolne;Jägala;H;õhtupoolne;A;O;1;8;1;45442;0,0001760486;75,3541649549;"Harju maakond, Jõelähtme vald, Jägala küla";"Leiti aadress, üks objekti vaste";1;372452299000000000000000000000000;6586712;570366;59,41246;25,23918;"59°24'44.85""";"25°14'21.06"""
20;Virumaa tunginud;Virumaa;H;tunginud;A;O;1;1;8;45442;0,0001760486;75,3541649549;"Lääne-Viru maakond, Väike-Maarja vald, Määri küla, Virumaa";"Leiti aadress, üks objekti vaste";3;609285295000000001T03000000000000;6551570;638876;59,08031;26,42254;"59°4'49.13""";"26°25'21.15"""
21;Piibe praegune;Piibe;H;praegune;A;O;1;1;9;45442;0,0001980547;71,0430243526;"Lääne-Viru maakond, Väike-Maarja vald, Piibe küla";"Leiti aadress, üks objekti vaste";1;609286158000000000000000000000000;6535597;625510;58,94112;26,18051;"58°56'28.02""";"26°10'49.82"""
22;Viru omavääriline;Viru;H;omavääriline;A;O;1;9;1;45442;0,0001980547;71,0430243526;"Võru maakond, Rõuge vald, Viru küla";"Leiti aadress, üks objekti vaste";1;876989391000000000000000000000000;6403503;663727;57,74332;26,74976;"57°44'35.97""";"26°44'59.12"""
23;Narva praegune;Narva;H;praegune;A;O;1;1;9;45442;0,0001980547;71,0430243526;"Ida-Viru maakond, Narva linn";"Leiti aadress, üks objekti vaste";1;455110000000000000000000000000000;6589461;738257;59,37609;28,19387;"59°22'33.92""";"28°11'37.93"""
24;Viru säälne;Viru;H;säälne;A;O;1;9;1;45442;0,0001980547;71,0430243526;"Võru maakond, Rõuge vald, Viru küla";"Leiti aadress, üks objekti vaste";1;876989391000000000000000000000000;6403503;663727;57,74332;26,74976;"57°44'35.97""";"26°44'59.12"""
25;Viru õhtupoolne;Viru;H;õhtupoolne;A;O;1;9;1;45442;0,0001980547;71,0430243526;"Võru maakond, Rõuge vald, Viru küla";"Leiti aadress, üks objekti vaste";1;876989391000000000000000000000000;6403503;663727;57,74332;26,74976;"57°44'35.97""";"26°44'59.12"""
26;Tõnismägi valgendav;Tõnismägi;H;valgendav;A;O;1;3;3;45442;0,0001980547;71,0430243526;"Harju maakond, Tallinn, Kesklinna linnaosa, Tõnismägi";"Leiti aadress, üks objekti vaste";2;37784029800000M4L0000000000000000;6588254;542064;59,43005;24,74112;"59°25'48.17""";"24°44'28.05"""
27;Rooma vägev;Rooma;H;vägev;A;O;1;1;10;45442;0,0002200607;67,3958472019;"Pärnu maakond, Pärnu linn, Lemmetsa küla, Rooma";"Leiti aadress, üks objekti vaste";3;686244268000000006BGR000000000000;6476131;520563;58,42506;24,35194;"58°25'30.22""";"24°21'7.00"""
28;Toompea tunginud;Toompea;H;tunginud;A;O;2;5;8;45442;0,0008802429;67,3810127576;"Harju maakond, Tallinn, Kesklinna linnaosa, Toompea tn";"Leiti aadress, üks objekti vaste";2;377840298000004AY0000000000000000;6588658;541967;59,43368;24,73949;"59°26'1.26""";"24°44'22.18"""
29;Moskva ülijulge;Moskva;H;ülijulge;A;O;1;11;1;45442;0,0002420668;64,2580045688;"Võru maakond, Setomaa vald, Mokra küla, Moskva";"Leiti aadress, üks objekti vaste";3;877324970000000000QCV000000000000;6394885;701108;57,65073;27,36934;"57°39'2.61""";"27°22'9.61"""
30;Moskva kauge;Moskva;H;kauge;A;O;1;11;1;45442;0,0002420668;64,2580045688;"Võru maakond, Setomaa vald, Mokra küla, Moskva";"Leiti aadress, üks objekti vaste";3;877324970000000000QCV000000000000;6394885;701108;57,65073;27,36934;"57°39'2.61""";"27°22'9.61"""
31;Moskva ülikange;Moskva;H;ülikange;A;O;1;11;1;45442;0,0002420668;64,2580045688;"Võru maakond, Setomaa vald, Mokra küla, Moskva";"Leiti aadress, üks objekti vaste";3;877324970000000000QCV000000000000;6394885;701108;57,65073;27,36934;"57°39'2.61""";"27°22'9.61"""
32;Virumaa paljas;Virumaa;H;paljas;A;O;1;1;11;45442;0,0002420668;64,2580045688;"Lääne-Viru maakond, Väike-Maarja vald, Määri küla, Virumaa";"Leiti aadress, üks objekti vaste";3;609285295000000001T03000000000000;6551570;638876;59,08031;26,42254;"59°4'49.13""";"26°25'21.15"""
33;Võnnu kentsakas;Võnnu;H;kentsakas;A;O;2;3;15;45442;0,0009902733;63,5239315468;"Tartu maakond, Kastre vald, Võnnu alevik";"Leiti aadress, üks objekti vaste";1;792919570000000000000000000000000;6464834;678429;58,28777;27,04305;"58°17'15.97""";"27°2'34.98"""
34;Kose arusaadav;Kose;H;arusaadav;A;O;1;4;3;45442;0,0002640729;61,5210012712;"Harju maakond, Kose vald";"Leiti aadress, üks objekti vaste";1;373380000000000000000000000000000;6561137;566682;59,18351;25,16649;"59°11'0.63""";"25°9'59.36"""
35;Virumaa üksik;Virumaa;H;üksik;A;O;1;1;13;45442;0,000286079;59,1061650559;"Lääne-Viru maakond, Väike-Maarja vald, Määri küla, Virumaa";"Leiti aadress, üks objekti vaste";3;609285295000000001T03000000000000;6551570;638876;59,08031;26,42254;"59°4'49.13""";"26°25'21.15"""
36;Liivi ajaloolik;Liivi;H;ajaloolik;A;O;1;15;1;45442;0,0003300911;55,0224226726;"Lääne maakond, Lääne-Nigula vald, Liivi küla";"Leiti aadress, üks objekti vaste";1;564414361000000000000000000000000;6523888;498261;58,85431;23,96987;"58°51'15.52""";"23°58'11.53"""
37;Liivi parandamata;Liivi;H;parandamata;A;O;1;15;1;45442;0,0003300911;55,0224226726;"Lääne maakond, Lääne-Nigula vald, Liivi küla";"Leiti aadress, üks objekti vaste";1;564414361000000000000000000000000;6523888;498261;58,85431;23,96987;"58°51'15.52""";"23°58'11.53"""
38;Liivi laenatud;Liivi;H;laenatud;A;O;1;15;1;45442;0,0003300911;55,0224226726;"Lääne maakond, Lääne-Nigula vald, Liivi küla";"Leiti aadress, üks objekti vaste";1;564414361000000000000000000000000;6523888;498261;58,85431;23,96987;"58°51'15.52""";"23°58'11.53"""
39;Soodla paks;Soodla;H;paks;A;O;1;1;15;45442;0,0003300911;55,0224226726;"Harju maakond, Anija vald, Soodla küla";"Leiti aadress, üks objekti vaste";1;371417693000000000000000000000000;6583840;577453;59,38545;25,36293;"59°23'7.62""";"25°21'46.54"""
40;Toompea parajane;Toompea;H;parajane;A;O;1;5;3;45442;0,0003300911;55,0224226726;"Harju maakond, Tallinn, Kesklinna linnaosa, Toompea tn";"Leiti aadress, üks objekti vaste";2;377840298000004AY0000000000000000;6588658;541967;59,43368;24,73949;"59°26'1.26""";"24°44'22.18"""
41;Eesti põhjatu;Eesti;H;põhjatu;A;O;2;21;3;45442;0,0013863826;53,6768826925;"Viljandi maakond, Viljandi vald, Lalsi küla, Eesti";"Leiti aadress, üks objekti vaste";3;848994088000000000KQV000000000000;6483669;618200;58,47719;26,02634;"58°28'37.89""";"26°1'34.84"""
42;Lasna põlenud;Lasna;H;põlenud;A;O;1;8;2;45442;0,0003520972;53,2740589039;"Harju maakond, Tallinn, Lasnamäe linnaosa";"Leiti aadress, üks objekti vaste";1;377840387000000000000000000000000;6588567;546772;59,43236;24,82413;"59°25'56.51""";"24°49'26.88"""
43;Pirita õnnis;Pirita;H;õnnis;A;O;1;16;1;45442;0,0003520972;53,2740589039;"Harju maakond, Tallinn, Pirita linnaosa";"Leiti aadress, üks objekti vaste";1;377840596000000000000000000000000;6592619;547345;59,46867;24,83512;"59°28'7.21""";"24°50'6.43"""
44;Pirita kardetud;Pirita;H;kardetud;A;O;1;16;1;45442;0,0003520972;53,2740589039;"Harju maakond, Tallinn, Pirita linnaosa";"Leiti aadress, üks objekti vaste";1;377840596000000000000000000000000;6592619;547345;59,46867;24,83512;"59°28'7.21""";"24°50'6.43"""
45;Pirita abtessiga;Pirita;H;abtessiga;A;O;1;16;1;45442;0,0003520972;53,2740589039;"Harju maakond, Tallinn, Pirita linnaosa";"Leiti aadress, üks objekti vaste";1;377840596000000000000000000000000;6592619;547345;59,46867;24,83512;"59°28'7.21""";"24°50'6.43"""
46;Rootsi langev;Rootsi;H;langev;A;O;1;18;1;45442;0,0003961093;50,225053028;"Rapla maakond, Kohila vald, Rootsi küla";"Leiti aadress, üks objekti vaste";1;713177085000000000000000000000000;6556826;542637;59,14789;24,74507;"59°8'52.40""";"24°44'42.25"""
47;vene tapetud;vene;G;tapetud;A;O;1;6;3;45442;0,0003961093;50,225053028;"Lääne-Viru maakond, Vinni vald, Venevere küla";"Leiti aadress, üks objekti vaste";1;609019204000000000000000000000000;6544575;655117;59,012;26,70065;"59°0'43.19""";"26°42'2.34"""
48;Pihkva kuulus;Pihkva;H;kuulus;A;O;1;2;9;45442;0,0003961093;50,225053028;"Jõgeva maakond, Mustvee vald, Mustvee linn, Pihkva tn";"Leiti aadress, üks objekti vaste";2;50486509700000TFB0000000000000000;6525779;670109;58,83774;26,94698;"58°50'15.85""";"26°56'49.11"""
49;Rootsi kogutud;Rootsi;H;kogutud;A;O;1;18;1;45442;0,0003961093;50,225053028;"Rapla maakond, Kohila vald, Rootsi küla";"Leiti aadress, üks objekti vaste";1;713177085000000000000000000000000;6556826;542637;59,14789;24,74507;"59°8'52.40""";"24°44'42.25"""
50;Rootsi visanud;Rootsi;H;visanud;A;O;1;18;1;45442;0,0003961093;50,225053028;"Rapla maakond, Kohila vald, Rootsi küla";"Leiti aadress, üks objekti vaste";1;713177085000000000000000000000000;6556826;542637;59,14789;24,74507;"59°8'52.40""";"24°44'42.25"""
51;Lasna praegune;Lasna;H;praegune;A;O;2;8;9;45442;0,0015844373;50,2051505325;"Harju maakond, Tallinn, Lasnamäe linnaosa";"Leiti aadress, üks objekti vaste";1;377840387000000000000000000000000;6588567;546772;59,43236;24,82413;"59°25'56.51""";"24°49'26.88"""
52;Poola imelik;Poola;H;imelik;A;O;2;3;25;45442;0,0016504555;49,1891754738;"Tartu maakond, Elva vald, Neemisküla, Poola";"Leiti aadress, üks objekti vaste";3;791715393000000000B8R000000000000;6463948;627511;58,2976;26,1749;"58°17'51.35""";"26°10'29.64"""
53;Rootsi-Saksa sügav;Rootsi-Saksa;H;sügav;A;O;1;1;20;45442;0,0004401215;47,6455710441;;Aadressi ei leitud;;;;;;;;
54;Eesti kardetud;Eesti;H;kardetud;A;O;1;21;1;45442;0,0004621275;46,4962925837;"Viljandi maakond, Viljandi vald, Lalsi küla, Eesti";"Leiti aadress, üks objekti vaste";3;848994088000000000KQV000000000000;6483669;618200;58,47719;26,02634;"58°28'37.89""";"26°1'34.84"""
55;Eesti korrapäraline;Eesti;H;korrapäraline;A;O;1;21;1;45442;0,0004621275;46,4962925837;"Viljandi maakond, Viljandi vald, Lalsi küla, Eesti";"Leiti aadress, üks objekti vaste";3;848994088000000000KQV000000000000;6483669;618200;58,47719;26,02634;"58°28'37.89""";"26°1'34.84"""
56;Eesti punapõseline;Eesti;H;punapõseline;A;O;1;21;1;45442;0,0004621275;46,4962925837;"Viljandi maakond, Viljandi vald, Lalsi küla, Eesti";"Leiti aadress, üks objekti vaste";3;848994088000000000KQV000000000000;6483669;618200;58,47719;26,02634;"58°28'37.89""";"26°1'34.84"""
57;Eesti lällitav;Eesti;H;lällitav;A;O;1;21;1;45442;0,0004621275;46,4962925837;"Viljandi maakond, Viljandi vald, Lalsi küla, Eesti";"Leiti aadress, üks objekti vaste";3;848994088000000000KQV000000000000;6483669;618200;58,47719;26,02634;"58°28'37.89""";"26°1'34.84"""
58;Läti paras;Läti;H;paras;A;O;1;2;11;45442;0,0004841336;45,4262692578;"Rapla maakond, Märjamaa vald, Läti küla";"Leiti aadress, üks objekti vaste";1;715024647000000000000000000000000;6514129;512587;58,76651;24,21754;"58°45'59.45""";"24°13'3.15"""
59;Moskva nägus;Moskva;H;nägus;A;O;1;11;2;45442;0,0004841336;45,4262692578;"Võru maakond, Setomaa vald, Mokra küla, Moskva";"Leiti aadress, üks objekti vaste";3;877324970000000000QCV000000000000;6394885;701108;57,65073;27,36934;"57°39'2.61""";"27°22'9.61"""
60;Lõuna-Liivi kindel;Lõuna-Liivi;H;kindel;A;O;1;1;23;45442;0,0005061397;44,4267896271;;Aadressi ei leitud;;;;;;;;
61;Lasna olev;Lasna;H;olev;A;O;1;8;3;45442;0,0005281458;43,4904264731;"Harju maakond, Tallinn, Lasnamäe linnaosa";"Leiti aadress, üks objekti vaste";1;377840387000000000000000000000000;6588567;546772;59,43236;24,82413;"59°25'56.51""";"24°49'26.88"""
62;vene seisev;vene;G;seisev;A;O;1;6;4;45442;0,0005281458;43,4904264731;"Lääne-Viru maakond, Vinni vald, Venevere küla";"Leiti aadress, üks objekti vaste";1;609019204000000000000000000000000;6544575;655117;59,012;26,70065;"59°0'43.19""";"26°42'2.34"""
63;Lääs tunginud;Lääs;H;tunginud;A;O;1;3;8;45442;0,0005281458;43,4904264731;"Harju maakond, Raasiku vald, Järsi küla, Alajaama 1";"Ajalooline aadress, leiti uus kehtiv vaste";3;376512335000000009GER000000000000;6580928;559549;59,3622;25,04713;"59°21'43.92""";"25°2'49.68"""
64;Jägala ilmatu;Jägala;H;ilmatu;A;O;1;8;3;45442;0,0005281458;43,4904264731;"Harju maakond, Jõelähtme vald, Jägala küla";"Leiti aadress, üks objekti vaste";1;372452299000000000000000000000000;6586712;570366;59,41246;25,23918;"59°24'44.85""";"25°14'21.06"""
65;Paide imelik;Paide;H;imelik;A;O;1;1;25;45442;0,0005501518;42,6108032094;"Järva maakond, Paide linn";"Leiti aadress, üks objekti vaste";1;525670000000000000000000000000000;6533503;592859;58,93061;25,61264;"58°55'50.21""";"25°36'45.50"""
66;Viru lastud;Viru;H;lastud;A;O;1;9;3;45442;0,000594164;41,0004589145;"Võru maakond, Rõuge vald, Viru küla";"Leiti aadress, üks objekti vaste";1;876989391000000000000000000000000;6403503;663727;57,74332;26,74976;"57°44'35.97""";"26°44'59.12"""
67;Järva praegune;Järva;H;praegune;A;O;1;3;9;45442;0,000594164;41,0004589145;Järva maakond;"Leiti aadress, üks objekti vaste";1;520000000000000000000000000000000;6528508;590491;58,88629;25,5695;"58°53'10.63""";"25°34'10.20"""
68;Poola kuulus;Poola;H;kuulus;A;O;1;3;9;45442;0,000594164;41,0004589145;"Tartu maakond, Elva vald, Neemisküla, Poola";"Leiti aadress, üks objekti vaste";3;791715393000000000B8R000000000000;6463948;627511;58,2976;26,1749;"58°17'51.35""";"26°10'29.64"""
69;Vene säälne;Vene;H;säälne;A;O;1;28;1;45442;0,0006161701;40,260764866;"Lääne-Viru maakond, Vinni vald, Venevere küla";"Leiti aadress, üks objekti vaste";1;609019204000000000000000000000000;6544575;655117;59,012;26,70065;"59°0'43.19""";"26°42'2.34"""
70;Vene ustav;Vene;H;ustav;A;O;1;28;1;45442;0,0006161701;40,260764866;"Lääne-Viru maakond, Vinni vald, Venevere küla";"Leiti aadress, üks objekti vaste";1;609019204000000000000000000000000;6544575;655117;59,012;26,70065;"59°0'43.19""";"26°42'2.34"""
71;Kose madal;Kose;H;madal;A;O;1;4;7;45442;0,0006161701;40,260764866;"Harju maakond, Kose vald";"Leiti aadress, üks objekti vaste";1;373380000000000000000000000000000;6561137;566682;59,18351;25,16649;"59°11'0.63""";"25°9'59.36"""
72;Harju kihutanud;Harju;H;kihutanud;A;O;1;7;4;45442;0,0006161701;40,260764866;Harju maakond;"Leiti aadress, üks objekti vaste";1;370000000000000000000000000000000;6588644;542220;59,43353;24,74395;"59°26'0.72""";"24°44'38.21"""
73;Liivi suur;Liivi;H;suur;A;O;8;15;119;45442;0,0392808415;40,1663077472;"Lääne maakond, Lääne-Nigula vald, Liivi küla";"Leiti aadress, üks objekti vaste";1;564414361000000000000000000000000;6523888;498261;58,85431;23,96987;"58°51'15.52""";"23°58'11.53"""
74;Kuimetsa varjamata;Kuimetsa;H;varjamata;A;O;1;29;1;45442;0,0006381761;39,5596531256;"Rapla maakond, Rapla vald, Kuimetsa küla";"Leiti aadress, üks objekti vaste";1;716683541000000000000000000000000;6545803;564378;59,04623;25,12171;"59°2'46.41""";"25°7'18.14"""
75;Kuimetsa teadev;Kuimetsa;H;teadev;A;O;1;29;1;45442;0,0006381761;39,5596531256;"Rapla maakond, Rapla vald, Kuimetsa küla";"Leiti aadress, üks objekti vaste";1;716683541000000000000000000000000;6545803;564378;59,04623;25,12171;"59°2'46.41""";"25°7'18.14"""
76;Kuimetsa tuldud;Kuimetsa;H;tuldud;A;O;1;29;1;45442;0,0006381761;39,5596531256;"Rapla maakond, Rapla vald, Kuimetsa küla";"Leiti aadress, üks objekti vaste";1;716683541000000000000000000000000;6545803;564378;59,04623;25,12171;"59°2'46.41""";"25°7'18.14"""
77;Kuimetsa kullatud;Kuimetsa;H;kullatud;A;O;1;29;1;45442;0,0006381761;39,5596531256;"Rapla maakond, Rapla vald, Kuimetsa küla";"Leiti aadress, üks objekti vaste";1;716683541000000000000000000000000;6545803;564378;59,04623;25,12171;"59°2'46.41""";"25°7'18.14"""
78;Kuimetsa surelik;Kuimetsa;H;surelik;A;O;1;29;1;45442;0,0006381761;39,5596531256;"Rapla maakond, Rapla vald, Kuimetsa küla";"Leiti aadress, üks objekti vaste";1;716683541000000000000000000000000;6545803;564378;59,04623;25,12171;"59°2'46.41""";"25°7'18.14"""
79;Kuimetsa kõikumata;Kuimetsa;H;kõikumata;A;O;1;29;1;45442;0,0006381761;39,5596531256;"Rapla maakond, Rapla vald, Kuimetsa küla";"Leiti aadress, üks objekti vaste";1;716683541000000000000000000000000;6545803;564378;59,04623;25,12171;"59°2'46.41""";"25°7'18.14"""
80;Kuimetsa seisav;Kuimetsa;H;seisav;A;O;1;29;1;45442;0,0006381761;39,5596531256;"Rapla maakond, Rapla vald, Kuimetsa küla";"Leiti aadress, üks objekti vaste";1;716683541000000000000000000000000;6545803;564378;59,04623;25,12171;"59°2'46.41""";"25°7'18.14"""
81;Kuimetsa soovitav;Kuimetsa;H;soovitav;A;O;1;29;1;45442;0,0006381761;39,5596531256;"Rapla maakond, Rapla vald, Kuimetsa küla";"Leiti aadress, üks objekti vaste";1;716683541000000000000000000000000;6545803;564378;59,04623;25,12171;"59°2'46.41""";"25°7'18.14"""
82;Kuimetsa peetav;Kuimetsa;H;peetav;A;O;1;29;1;45442;0,0006381761;39,5596531256;"Rapla maakond, Rapla vald, Kuimetsa küla";"Leiti aadress, üks objekti vaste";1;716683541000000000000000000000000;6545803;564378;59,04623;25,12171;"59°2'46.41""";"25°7'18.14"""
83;Pirita valitsev;Pirita;H;valitsev;A;O;1;16;2;45442;0,0007041944;37,657179982;"Harju maakond, Tallinn, Pirita linnaosa";"Leiti aadress, üks objekti vaste";1;377840596000000000000000000000000;6592619;547345;59,46867;24,83512;"59°28'7.21""";"24°50'6.43"""
84;Lasna määratu;Lasna;H;määratu;A;O;1;8;4;45442;0,0007041944;37,657179982;"Harju maakond, Tallinn, Lasnamäe linnaosa";"Leiti aadress, üks objekti vaste";1;377840387000000000000000000000000;6588567;546772;59,43236;24,82413;"59°25'56.51""";"24°49'26.88"""
85;Saksa-Rootsi terve;Saksa-Rootsi;H;terve;A;O;1;1;33;45442;0,0007262004;37,0814108312;;Aadressi ei leitud;;;;;;;;
86;Marienthal täis;Marienthal;H;täis;A;O;1;1;34;45442;0,0007482065;36,5312217147;"Saare maakond, Saaremaa vald, Kuressaare linn, Marientali tee 13";"Ajalooline aadress, leiti uus kehtiv vaste";3;74714365500000RN80000ARSZ00000000;6457769;412388;58,25193;22,50771;"58°15'6.95""";"22°30'27.75"""
87;Maarja täis;Maarja;H;täis;A;O;1;1;34;45442;0,0007482065;36,5312217147;"Tartu maakond, Tartu vald, Maarja-Magdaleena küla";"Leiti aadress, üks objekti vaste";1;797964709000000000000000000000000;6499907;659754;58,60961;26,74943;"58°36'34.61""";"26°44'57.96"""
88;Harju vaikne;Harju;H;vaikne;A;O;1;7;5;45442;0,0007702126;36,0047722858;Harju maakond;"Leiti aadress, üks objekti vaste";1;370000000000000000000000000000000;6588644;542220;59,43353;24,74395;"59°26'0.72""";"24°44'38.21"""
89;Harju aastane;Harju;H;aastane;A;O;1;7;5;45442;0,0007702126;36,0047722858;Harju maakond;"Leiti aadress, üks objekti vaste";1;370000000000000000000000000000000;6588644;542220;59,43353;24,74395;"59°26'0.72""";"24°44'38.21"""
90;Harju tuttav;Harju;H;tuttav;A;O;1;7;5;45442;0,0007702126;36,0047722858;Harju maakond;"Leiti aadress, üks objekti vaste";1;370000000000000000000000000000000;6588644;542220;59,43353;24,74395;"59°26'0.72""";"24°44'38.21"""
91;Rootsi pakutud;Rootsi;H;pakutud;A;O;1;18;2;45442;0,0007922187;35,500402392;"Rapla maakond, Kohila vald, Rootsi küla";"Leiti aadress, üks objekti vaste";1;713177085000000000000000000000000;6556826;542637;59,14789;24,74507;"59°8'52.40""";"24°44'42.25"""
92;Tõnismägi üksik;Tõnismägi;H;üksik;A;O;1;3;13;45442;0,0008582369;34,1054298524;"Harju maakond, Tallinn, Kesklinna linnaosa, Tõnismägi";"Leiti aadress, üks objekti vaste";2;37784029800000M4L0000000000000000;6588254;542064;59,43005;24,74112;"59°25'48.17""";"24°44'28.05"""
93;Jägala sinine;Jägala;H;sinine;A;O;1;8;5;45442;0,0008802429;33,6756719345;"Harju maakond, Jõelähtme vald, Jägala küla";"Leiti aadress, üks objekti vaste";1;372452299000000000000000000000000;6586712;570366;59,41246;25,23918;"59°24'44.85""";"25°14'21.06"""
94;Kuimetsa kindel;Kuimetsa;H;kindel;A;O;4;29;23;45442;0,0146780511;32,8949486482;"Rapla maakond, Rapla vald, Kuimetsa küla";"Leiti aadress, üks objekti vaste";1;716683541000000000000000000000000;6545803;564378;59,04623;25,12171;"59°2'46.41""";"25°7'18.14"""
95;Saksa jõukas;Saksa;H;jõukas;A;O;1;21;2;45442;0,0009242551;32,862643004;"Rapla maakond, Kehtna vald, Saksa küla";"Leiti aadress, üks objekti vaste";1;712937353000000000000000000000000;6534209;550668;58,94399;24,88021;"58°56'38.36""";"24°52'48.74"""
96;Eesti prii;Eesti;H;prii;A;O;1;21;2;45442;0,0009242551;32,862643004;"Viljandi maakond, Viljandi vald, Lalsi küla, Eesti";"Leiti aadress, üks objekti vaste";3;848994088000000000KQV000000000000;6483669;618200;58,47719;26,02634;"58°28'37.89""";"26°1'34.84"""
97;Poola viimane;Poola;H;viimane;A;O;1;3;15;45442;0,0009902733;31,7462314692;"Tartu maakond, Elva vald, Neemisküla, Poola";"Leiti aadress, üks objekti vaste";3;791715393000000000B8R000000000000;6463948;627511;58,2976;26,1749;"58°17'51.35""";"26°10'29.64"""
98;Eesti kuulus;Eesti;H;kuulus;A;O;2;21;9;45442;0,0041591479;30,9473683677;"Viljandi maakond, Viljandi vald, Lalsi küla, Eesti";"Leiti aadress, üks objekti vaste";3;848994088000000000KQV000000000000;6483669;618200;58,47719;26,02634;"58°28'37.89""";"26°1'34.84"""
99;Lasna tagumine;Lasna;H;tagumine;A;O;1;8;6;45442;0,0010562915;30,7361251563;"Harju maakond, Tallinn, Lasnamäe linnaosa";"Leiti aadress, üks objekti vaste";1;377840387000000000000000000000000;6588567;546772;59,43236;24,82413;"59°25'56.51""";"24°49'26.88"""
100;Pirita lihane;Pirita;H;lihane;A;O;1;16;3;45442;0,0010562915;30,7361251563;"Harju maakond, Tallinn, Pirita linnaosa";"Leiti aadress, üks objekti vaste";1;377840596000000000000000000000000;6592619;547345;59,46867;24,83512;"59°28'7.21""";"24°50'6.43"""
101;Rootsimaa kallis;Rootsimaa;H;kallis;A;O;1;2;24;45442;0,0010562915;30,7361251563;"Saare maakond, Saaremaa vald, Laadla küla, Rootsimaa";"Leiti aadress, üks objekti vaste";3;747144009000000002Y8K000000000000;6427587;384092;57,9745;22,041;"57°58'28.19""";"22°2'27.59"""
102;Pirita viimne;Pirita;H;viimne;A;O;3;16;27;45442;0,0095066238;30,6711238783;"Harju maakond, Tallinn, Pirita linnaosa";"Leiti aadress, üks objekti vaste";1;377840596000000000000000000000000;6592619;547345;59,46867;24,83512;"59°28'7.21""";"24°50'6.43"""
103;Harju peetud;Harju;H;peetud;A;O;1;7;7;45442;0,0010782976;30,4202043616;Harju maakond;"Leiti aadress, üks objekti vaste";1;370000000000000000000000000000000;6588644;542220;59,43353;24,74395;"59°26'0.72""";"24°44'38.21"""
104;Vene endine;Vene;H;endine;A;O;3;28;16;45442;0,009858721;30,114899637;"Lääne-Viru maakond, Vinni vald, Venevere küla";"Leiti aadress, üks objekti vaste";1;609019204000000000000000000000000;6544575;655117;59,012;26,70065;"59°0'43.19""";"26°42'2.34"""
105;Pihkva imelik;Pihkva;H;imelik;A;O;1;2;25;45442;0,0011003037;30,1138024883;"Jõgeva maakond, Mustvee vald, Mustvee linn, Pihkva tn";"Leiti aadress, üks objekti vaste";2;50486509700000TFB0000000000000000;6525779;670109;58,83774;26,94698;"58°50'15.85""";"26°56'49.11"""
106;Saksamaa ainus;Saksamaa;H;ainus;A;O;1;2;25;45442;0,0011003037;30,1138024883;"Tartu maakond, Peipsiääre vald, Papiaru küla, Saksamaa";"Leiti aadress, üks objekti vaste";3;795865981000000001R6E000000000000;6490653;666206;58,52418;26,85357;"58°31'27.05""";"26°51'12.86"""
107;Võnnu päälik;Võnnu;H;päälik;A;O;1;3;17;45442;0,0011223098;29,8164506632;"Tartu maakond, Kastre vald, Võnnu alevik";"Leiti aadress, üks objekti vaste";1;792919570000000000000000000000000;6464834;678429;58,28777;27,04305;"58°17'15.97""";"27°2'34.98"""
108;Eesti rikas;Eesti;H;rikas;A;O;2;21;10;45442;0,0046212755;29,3524534926;"Viljandi maakond, Viljandi vald, Lalsi küla, Eesti";"Leiti aadress, üks objekti vaste";3;848994088000000000KQV000000000000;6483669;618200;58,47719;26,02634;"58°28'37.89""";"26°1'34.84"""
109;Viru verine;Viru;H;verine;A;O;1;9;6;45442;0,001188328;28,9744664635;"Võru maakond, Rõuge vald, Viru küla";"Leiti aadress, üks objekti vaste";1;876989391000000000000000000000000;6403503;663727;57,74332;26,74976;"57°44'35.97""";"26°44'59.12"""
110;Viru elav;Viru;H;elav;A;O;1;9;6;45442;0,001188328;28,9744664635;"Võru maakond, Rõuge vald, Viru küla";"Leiti aadress, üks objekti vaste";1;876989391000000000000000000000000;6403503;663727;57,74332;26,74976;"57°44'35.97""";"26°44'59.12"""
111;Jägala tuntud;Jägala;H;tuntud;A;O;1;8;7;45442;0,0012323401;28,4511075014;"Harju maakond, Jõelähtme vald, Jägala küla";"Leiti aadress, üks objekti vaste";1;372452299000000000000000000000000;6586712;570366;59,41246;25,23918;"59°24'44.85""";"25°14'21.06"""
112;Vene piiratud;Vene;H;piiratud;A;O;1;28;2;45442;0,0012323401;28,4511075014;"Lääne-Viru maakond, Vinni vald, Venevere küla";"Leiti aadress, üks objekti vaste";1;609019204000000000000000000000000;6544575;655117;59,012;26,70065;"59°0'43.19""";"26°42'2.34"""
113;Vene teatud;Vene;H;teatud;A;O;1;28;2;45442;0,0012323401;28,4511075014;"Lääne-Viru maakond, Vinni vald, Venevere küla";"Leiti aadress, üks objekti vaste";1;609019204000000000000000000000000;6544575;655117;59,012;26,70065;"59°0'43.19""";"26°42'2.34"""
114;Kuimetsa vallatu;Kuimetsa;H;vallatu;A;O;1;29;2;45442;0,0012763523;27,9550359501;"Rapla maakond, Rapla vald, Kuimetsa küla";"Leiti aadress, üks objekti vaste";1;716683541000000000000000000000000;6545803;564378;59,04623;25,12171;"59°2'46.41""";"25°7'18.14"""
115;Kuimetsa kogu;Kuimetsa;H;kogu;A;O;1;29;2;45442;0,0012763523;27,9550359501;"Rapla maakond, Rapla vald, Kuimetsa küla";"Leiti aadress, üks objekti vaste";1;716683541000000000000000000000000;6545803;564378;59,04623;25,12171;"59°2'46.41""";"25°7'18.14"""
116;Kuimetsa laialine;Kuimetsa;H;laialine;A;O;1;29;2;45442;0,0012763523;27,9550359501;"Rapla maakond, Rapla vald, Kuimetsa küla";"Leiti aadress, üks objekti vaste";1;716683541000000000000000000000000;6545803;564378;59,04623;25,12171;"59°2'46.41""";"25°7'18.14"""
117;Kuimetsa aurav;Kuimetsa;H;aurav;A;O;1;29;2;45442;0,0012763523;27,9550359501;"Rapla maakond, Rapla vald, Kuimetsa küla";"Leiti aadress, üks objekti vaste";1;716683541000000000000000000000000;6545803;564378;59,04623;25,12171;"59°2'46.41""";"25°7'18.14"""
118;Kuimetsa vagane;Kuimetsa;H;vagane;A;O;1;29;2;45442;0,0012763523;27,9550359501;"Rapla maakond, Rapla vald, Kuimetsa küla";"Leiti aadress, üks objekti vaste";1;716683541000000000000000000000000;6545803;564378;59,04623;25,12171;"59°2'46.41""";"25°7'18.14"""
119;Liivi seisev;Liivi;H;seisev;A;O;1;15;4;45442;0,0013203644;27,483958722;"Lääne maakond, Lääne-Nigula vald, Liivi küla";"Leiti aadress, üks objekti vaste";1;564414361000000000000000000000000;6523888;498261;58,85431;23,96987;"58°51'15.52""";"23°58'11.53"""
120;Läti hirmus;Läti;H;hirmus;A;O;1;2;30;45442;0,0013203644;27,483958722;"Rapla maakond, Märjamaa vald, Läti küla";"Leiti aadress, üks objekti vaste";1;715024647000000000000000000000000;6514129;512587;58,76651;24,21754;"58°45'59.45""";"24°13'3.15"""
121;Liivi endine;Liivi;H;endine;A;O;2;15;16;45442;0,0052814577;27,4476219029;"Lääne maakond, Lääne-Nigula vald, Liivi küla";"Leiti aadress, üks objekti vaste";1;564414361000000000000000000000000;6523888;498261;58,85431;23,96987;"58°51'15.52""";"23°58'11.53"""
122;Eesti lastud;Eesti;H;lastud;A;O;1;21;3;45442;0,0013863826;26,8198242665;"Viljandi maakond, Viljandi vald, Lalsi küla, Eesti";"Leiti aadress, üks objekti vaste";3;848994088000000000KQV000000000000;6483669;618200;58,47719;26,02634;"58°28'37.89""";"26°1'34.84"""
123;Saksa tapetud;Saksa;H;tapetud;A;O;1;21;3;45442;0,0013863826;26,8198242665;"Rapla maakond, Kehtna vald, Saksa küla";"Leiti aadress, üks objekti vaste";1;712937353000000000000000000000000;6534209;550668;58,94399;24,88021;"58°56'38.36""";"24°52'48.74"""
124;Saksa tark;Saksa;H;tark;A;O;2;21;12;45442;0,0055455306;26,7825901069;"Rapla maakond, Kehtna vald, Saksa küla";"Leiti aadress, üks objekti vaste";1;712937353000000000000000000000000;6534209;550668;58,94399;24,88021;"58°56'38.36""";"24°52'48.74"""
125;Pirita tõusev;Pirita;H;tõusev;A;O;1;16;4;45442;0,0014083887;26,6088830729;"Harju maakond, Tallinn, Pirita linnaosa";"Leiti aadress, üks objekti vaste";1;377840596000000000000000000000000;6592619;547345;59,46867;24,83512;"59°28'7.21""";"24°50'6.43"""
126;Toompea ainuke;Toompea;H;ainuke;A;O;1;5;13;45442;0,0014303948;26,4028241426;"Harju maakond, Tallinn, Kesklinna linnaosa, Toompea tn";"Leiti aadress, üks objekti vaste";2;377840298000004AY0000000000000000;6588658;541967;59,43368;24,73949;"59°26'1.26""";"24°44'22.18"""
127;vene väsinud;vene;G;väsinud;A;O;1;6;11;45442;0,0014524009;26,201461866;"Lääne-Viru maakond, Vinni vald, Venevere küla";"Leiti aadress, üks objekti vaste";1;609019204000000000000000000000000;6544575;655117;59,012;26,70065;"59°0'43.19""";"26°42'2.34"""
128;Harju rikas;Harju;H;rikas;A;O;1;7;10;45442;0,0015404252;25,4395945132;Harju maakond;"Leiti aadress, üks objekti vaste";1;370000000000000000000000000000000;6588644;542220;59,43353;24,74395;"59°26'0.72""";"24°44'38.21"""
129;Harju tume;Harju;H;tume;A;O;1;7;10;45442;0,0015404252;25,4395945132;Harju maakond;"Leiti aadress, üks objekti vaste";1;370000000000000000000000000000000;6588644;542220;59,43353;24,74395;"59°26'0.72""";"24°44'38.21"""
130;Tallinn seitsmenädalane;Tallinn;H;seitsmenädalane;A;O;1;72;1;45442;0,0015844373;25,0826727708;"Harju maakond, Tallinn";"Leiti aadress, üks objekti vaste";1;377840000000000000000000000000000;6588522;542228;59,43244;24,74407;"59°25'56.78""";"24°44'38.64"""
131;Rootsi kihutanud;Rootsi;H;kihutanud;A;O;1;18;4;45442;0,0015844373;25,0826727708;"Rapla maakond, Kohila vald, Rootsi küla";"Leiti aadress, üks objekti vaste";1;713177085000000000000000000000000;6556826;542637;59,14789;24,74507;"59°8'52.40""";"24°44'42.25"""
132;Tallinn ajaloolik;Tallinn;H;ajaloolik;A;O;1;72;1;45442;0,0015844373;25,0826727708;"Harju maakond, Tallinn";"Leiti aadress, üks objekti vaste";1;377840000000000000000000000000000;6588522;542228;59,43244;24,74407;"59°25'56.78""";"24°44'38.64"""
133;Tallinn avaldav;Tallinn;H;avaldav;A;O;1;72;1;45442;0,0015844373;25,0826727708;"Harju maakond, Tallinn";"Leiti aadress, üks objekti vaste";1;377840000000000000000000000000000;6588522;542228;59,43244;24,74407;"59°25'56.78""";"24°44'38.64"""
134;Rootsi määratu;Rootsi;H;määratu;A;O;1;18;4;45442;0,0015844373;25,0826727708;"Rapla maakond, Kohila vald, Rootsi küla";"Leiti aadress, üks objekti vaste";1;713177085000000000000000000000000;6556826;542637;59,14789;24,74507;"59°8'52.40""";"24°44'42.25"""
135;Tallinn käepärane;Tallinn;H;käepärane;A;O;1;72;1;45442;0,0015844373;25,0826727708;"Harju maakond, Tallinn";"Leiti aadress, üks objekti vaste";1;377840000000000000000000000000000;6588522;542228;59,43244;24,74407;"59°25'56.78""";"24°44'38.64"""
136;Lasna uus;Lasna;H;uus;A;O;1;8;9;45442;0,0015844373;25,0826727708;"Harju maakond, Tallinn, Lasnamäe linnaosa";"Leiti aadress, üks objekti vaste";1;377840387000000000000000000000000;6588567;546772;59,43236;24,82413;"59°25'56.51""";"24°49'26.88"""
137;Viru tunginud;Viru;H;tunginud;A;O;1;9;8;45442;0,0015844373;25,0826727708;"Võru maakond, Rõuge vald, Viru küla";"Leiti aadress, üks objekti vaste";1;876989391000000000000000000000000;6403503;663727;57,74332;26,74976;"57°44'35.97""";"26°44'59.12"""
138;Rootsi vapper;Rootsi;H;vapper;A;O;1;18;4;45442;0,0015844373;25,0826727708;"Rapla maakond, Kohila vald, Rootsi küla";"Leiti aadress, üks objekti vaste";1;713177085000000000000000000000000;6556826;542637;59,14789;24,74507;"59°8'52.40""";"24°44'42.25"""
139;Tallinn tõenäitlik;Tallinn;H;tõenäitlik;A;O;1;72;1;45442;0,0015844373;25,0826727708;"Harju maakond, Tallinn";"Leiti aadress, üks objekti vaste";1;377840000000000000000000000000000;6588522;542228;59,43244;24,74407;"59°25'56.78""";"24°44'38.64"""
140;Tallinn surelik;Tallinn;H;surelik;A;O;1;72;1;45442;0,0015844373;25,0826727708;"Harju maakond, Tallinn";"Leiti aadress, üks objekti vaste";1;377840000000000000000000000000000;6588522;542228;59,43244;24,74407;"59°25'56.78""";"24°44'38.64"""
141;Moskva eksinud;Moskva;H;eksinud;A;O;1;11;7;45442;0,0016944677;24,2519594801;"Võru maakond, Setomaa vald, Mokra küla, Moskva";"Leiti aadress, üks objekti vaste";3;877324970000000000QCV000000000000;6394885;701108;57,65073;27,36934;"57°39'2.61""";"27°22'9.61"""
142;Moskva peetud;Moskva;H;peetud;A;O;1;11;7;45442;0,0016944677;24,2519594801;"Võru maakond, Setomaa vald, Mokra küla, Moskva";"Leiti aadress, üks objekti vaste";3;877324970000000000QCV000000000000;6394885;701108;57,65073;27,36934;"57°39'2.61""";"27°22'9.61"""
143;Tallinn päälik;Tallinn;H;päälik;A;O;4;72;17;45442;0,0269354342;24,2082632035;"Harju maakond, Tallinn";"Leiti aadress, üks objekti vaste";1;377840000000000000000000000000000;6588522;542228;59,43244;24,74407;"59°25'56.78""";"24°44'38.64"""
144;vene sagedane;vene;G;sagedane;A;O;1;6;13;45442;0,0017164737;24,0954655498;"Lääne-Viru maakond, Vinni vald, Venevere küla";"Leiti aadress, üks objekti vaste";1;609019204000000000000000000000000;6544575;655117;59,012;26,70065;"59°0'43.19""";"26°42'2.34"""
145;vene kibe;vene;G;kibe;A;O;1;6;13;45442;0,0017164737;24,0954655498;"Lääne-Viru maakond, Vinni vald, Venevere küla";"Leiti aadress, üks objekti vaste";1;609019204000000000000000000000000;6544575;655117;59,012;26,70065;"59°0'43.19""";"26°42'2.34"""
146;Eesti selge;Eesti;H;selge;A;O;2;21;15;45442;0,0069319132;23,9384252146;"Viljandi maakond, Viljandi vald, Lalsi küla, Eesti";"Leiti aadress, üks objekti vaste";3;848994088000000000KQV000000000000;6483669;618200;58,47719;26,02634;"58°28'37.89""";"26°1'34.84"""
147;Lasna tume;Lasna;H;tume;A;O;1;8;10;45442;0,0017604859;23,7913169137;"Harju maakond, Tallinn, Lasnamäe linnaosa";"Leiti aadress, üks objekti vaste";1;377840387000000000000000000000000;6588567;546772;59,43236;24,82413;"59°25'56.51""";"24°49'26.88"""
148;Pirita vaba;Pirita;H;vaba;A;O;1;16;5;45442;0,0017604859;23,7913169137;"Harju maakond, Tallinn, Pirita linnaosa";"Leiti aadress, üks objekti vaste";1;377840596000000000000000000000000;6592619;547345;59,46867;24,83512;"59°28'7.21""";"24°50'6.43"""
149;Pirita vaga;Pirita;H;vaga;A;O;1;16;5;45442;0,0017604859;23,7913169137;"Harju maakond, Tallinn, Pirita linnaosa";"Leiti aadress, üks objekti vaste";1;377840596000000000000000000000000;6592619;547345;59,46867;24,83512;"59°28'7.21""";"24°50'6.43"""
150;Viru praegune;Viru;H;praegune;A;O;1;9;9;45442;0,001782492;23,6434796122;"Võru maakond, Rõuge vald, Viru küla";"Leiti aadress, üks objekti vaste";1;876989391000000000000000000000000;6403503;663727;57,74332;26,74976;"57°44'35.97""";"26°44'59.12"""
151;Vene valgendav;Vene;H;valgendav;A;O;1;28;3;45442;0,0018485102;23,2159005638;"Lääne-Viru maakond, Vinni vald, Venevere küla";"Leiti aadress, üks objekti vaste";1;609019204000000000000000000000000;6544575;655117;59,012;26,70065;"59°0'43.19""";"26°42'2.34"""
152;Eesti seisev;Eesti;H;seisev;A;O;1;21;4;45442;0,0018485102;23,2159005638;"Viljandi maakond, Viljandi vald, Lalsi küla, Eesti";"Leiti aadress, üks objekti vaste";3;848994088000000000KQV000000000000;6483669;618200;58,47719;26,02634;"58°28'37.89""";"26°1'34.84"""
153;Kuimetsa parajane;Kuimetsa;H;parajane;A;O;1;29;3;45442;0,0019145284;22,8106061649;"Rapla maakond, Rapla vald, Kuimetsa küla";"Leiti aadress, üks objekti vaste";1;716683541000000000000000000000000;6545803;564378;59,04623;25,12171;"59°2'46.41""";"25°7'18.14"""
154;Moskva kangekaelne;Moskva;H;kangekaelne;A;O;1;11;8;45442;0,0019365345;22,6801300739;"Võru maakond, Setomaa vald, Mokra küla, Moskva";"Leiti aadress, üks objekti vaste";3;877324970000000000QCV000000000000;6394885;701108;57,65073;27,36934;"57°39'2.61""";"27°22'9.61"""
155;vene valge;vene;G;valge;A;O;1;6;15;45442;0,0019805466;22,4257238826;"Lääne-Viru maakond, Vinni vald, Venevere küla";"Leiti aadress, üks objekti vaste";1;609019204000000000000000000000000;6544575;655117;59,012;26,70065;"59°0'43.19""";"26°42'2.34"""
156;Liivi kuldne;Liivi;H;kuldne;A;O;1;15;6;45442;0,0019805466;22,4257238826;"Lääne maakond, Lääne-Nigula vald, Liivi küla";"Leiti aadress, üks objekti vaste";1;564414361000000000000000000000000;6523888;498261;58,85431;23,96987;"58°51'15.52""";"23°58'11.53"""
157;Moskva raske;Moskva;H;raske;A;O;2;11;33;45442;0,0079882047;22,2878056393;"Võru maakond, Setomaa vald, Mokra küla, Moskva";"Leiti aadress, üks objekti vaste";3;877324970000000000QCV000000000000;6394885;701108;57,65073;27,36934;"57°39'2.61""";"27°22'9.61"""
158;Lääs uhke;Lääs;H;uhke;A;O;1;3;32;45442;0,0021125831;21,7107411032;"Harju maakond, Raasiku vald, Järsi küla, Alajaama 1";"Ajalooline aadress, leiti uus kehtiv vaste";3;376512335000000009GER000000000000;6580928;559549;59,3622;25,04713;"59°21'43.92""";"25°2'49.68"""
159;Harju rõõmus;Harju;H;rõõmus;A;O;1;7;14;45442;0,0021565952;21,4871132111;Harju maakond;"Leiti aadress, üks objekti vaste";1;370000000000000000000000000000000;6588644;542220;59,43353;24,74395;"59°26'0.72""";"24°44'38.21"""
160;Eesti väärt;Eesti;H;väärt;A;O;1;21;5;45442;0,0023106377;20,7553189091;"Viljandi maakond, Viljandi vald, Lalsi küla, Eesti";"Leiti aadress, üks objekti vaste";3;848994088000000000KQV000000000000;6483669;618200;58,47719;26,02634;"58°28'37.89""";"26°1'34.84"""
161;Eesti kestnud;Eesti;H;kestnud;A;O;1;21;5;45442;0,0023106377;20,7553189091;"Viljandi maakond, Viljandi vald, Lalsi küla, Eesti";"Leiti aadress, üks objekti vaste";3;848994088000000000KQV000000000000;6483669;618200;58,47719;26,02634;"58°28'37.89""";"26°1'34.84"""
162;Liivi peetud;Liivi;H;peetud;A;O;1;15;7;45442;0,0023106377;20,7553189091;"Lääne maakond, Lääne-Nigula vald, Liivi küla";"Leiti aadress, üks objekti vaste";1;564414361000000000000000000000000;6523888;498261;58,85431;23,96987;"58°51'15.52""";"23°58'11.53"""
163;Vene kentsakas;Vene;H;kentsakas;A;O;2;28;15;45442;0,0092425509;20,7072498158;"Lääne-Viru maakond, Vinni vald, Venevere küla";"Leiti aadress, üks objekti vaste";1;609019204000000000000000000000000;6544575;655117;59,012;26,70065;"59°0'43.19""";"26°42'2.34"""
164;Rootsi verine;Rootsi;H;verine;A;O;1;18;6;45442;0,002376656;20,4636662384;"Rapla maakond, Kohila vald, Rootsi küla";"Leiti aadress, üks objekti vaste";1;713177085000000000000000000000000;6556826;542637;59,14789;24,74507;"59°8'52.40""";"24°44'42.25"""
165;vene õnnetu;vene;G;õnnetu;A;O;1;6;18;45442;0,002376656;20,4636662384;"Lääne-Viru maakond, Vinni vald, Venevere küla";"Leiti aadress, üks objekti vaste";1;609019204000000000000000000000000;6544575;655117;59,012;26,70065;"59°0'43.19""";"26°42'2.34"""
166;Tallinn suur;Tallinn;H;suur;A;O;9;72;119;45442;0,1885480393;20,2925426582;"Harju maakond, Tallinn";"Leiti aadress, üks objekti vaste";1;377840000000000000000000000000000;6588522;542228;59,43244;24,74407;"59°25'56.78""";"24°44'38.64"""
167;Pirita julge;Pirita;H;julge;A;O;1;16;7;45442;0,0024646803;20,0931482734;"Harju maakond, Tallinn, Pirita linnaosa";"Leiti aadress, üks objekti vaste";1;377840596000000000000000000000000;6592619;547345;59,46867;24,83512;"59°28'7.21""";"24°50'6.43"""
168;Vene selleaegne;Vene;H;selleaegne;A;O;1;28;4;45442;0,0024646803;20,0931482734;"Lääne-Viru maakond, Vinni vald, Venevere küla";"Leiti aadress, üks objekti vaste";1;609019204000000000000000000000000;6544575;655117;59,012;26,70065;"59°0'43.19""";"26°42'2.34"""
169;Vene nõder;Vene;H;nõder;A;O;1;28;4;45442;0,0024646803;20,0931482734;"Lääne-Viru maakond, Vinni vald, Venevere küla";"Leiti aadress, üks objekti vaste";1;609019204000000000000000000000000;6544575;655117;59,012;26,70065;"59°0'43.19""";"26°42'2.34"""
170;Vene kelm;Vene;H;kelm;A;O;1;28;4;45442;0,0024646803;20,0931482734;"Lääne-Viru maakond, Vinni vald, Venevere küla";"Leiti aadress, üks objekti vaste";1;609019204000000000000000000000000;6544575;655117;59,012;26,70065;"59°0'43.19""";"26°42'2.34"""
171;Põltsamaa kange;Põltsamaa;H;kange;A;O;1;6;19;45442;0,0025086924;19,9152339625;"Jõgeva maakond, Põltsamaa vald";"Leiti aadress, üks objekti vaste";1;506180000000000000000000000000000;6503283;614782;58,65413;25,97769;"58°39'14.87""";"25°58'39.70"""
172;Kuimetsa kurb;Kuimetsa;H;kurb;A;O;1;29;4;45442;0,0025527045;19,7419333404;"Rapla maakond, Rapla vald, Kuimetsa küla";"Leiti aadress, üks objekti vaste";1;716683541000000000000000000000000;6545803;564378;59,04623;25,12171;"59°2'46.41""";"25°7'18.14"""
173;Viru pime;Viru;H;pime;A;O;1;9;13;45442;0,0025747106;19,6569513685;"Võru maakond, Rõuge vald, Viru küla";"Leiti aadress, üks objekti vaste";1;876989391000000000000000000000000;6403503;663727;57,74332;26,74976;"57°44'35.97""";"26°44'59.12"""
174;Rooma suur;Rooma;H;suur;A;O;1;1;119;45442;0,0026187228;19,4902068984;"Pärnu maakond, Pärnu linn, Lemmetsa küla, Rooma";"Leiti aadress, üks objekti vaste";3;686244268000000006BGR000000000000;6476131;520563;58,42506;24,35194;"58°25'30.22""";"24°21'7.00"""
175;Jägala paks;Jägala;H;paks;A;O;1;8;15;45442;0,0026407288;19,408399575;"Harju maakond, Jõelähtme vald, Jägala küla";"Leiti aadress, üks objekti vaste";1;372452299000000000000000000000000;6586712;570366;59,41246;25,23918;"59°24'44.85""";"25°14'21.06"""
176;pai punane;pai;S;punane;A;O;1;10;12;45442;0,0026407288;19,408399575;"Järva maakond, Paide linn";"Leiti aadress, üks objekti vaste";1;525670000000000000000000000000000;6533503;592859;58,93061;25,61264;"58°55'50.21""";"25°36'45.50"""
177;saksa vana;saksa;G;vana;A;O;1;2;61;45442;0,002684741;19,2478075265;"Rapla maakond, Kehtna vald, Saksa küla";"Leiti aadress, üks objekti vaste";1;712937353000000000000000000000000;6534209;550668;58,94399;24,88021;"58°56'38.36""";"24°52'48.74"""
178;Saksa viisakas;Saksa;H;viisakas;A;O;1;21;6;45442;0,0027727653;18,9381510823;"Rapla maakond, Kehtna vald, Saksa küla";"Leiti aadress, üks objekti vaste";1;712937353000000000000000000000000;6534209;550668;58,94399;24,88021;"58°56'38.36""";"24°52'48.74"""
179;Eesti sõjapäälik;Eesti;H;sõjapäälik;A;O;1;21;6;45442;0,0027727653;18,9381510823;"Viljandi maakond, Viljandi vald, Lalsi küla, Eesti";"Leiti aadress, üks objekti vaste";3;848994088000000000KQV000000000000;6483669;618200;58,47719;26,02634;"58°28'37.89""";"26°1'34.84"""
180;Tallinn peetud;Tallinn;H;peetud;A;O;2;72;7;45442;0,0110910611;18,8854940288;"Harju maakond, Tallinn";"Leiti aadress, üks objekti vaste";1;377840000000000000000000000000000;6588522;542228;59,43244;24,74407;"59°25'56.78""";"24°44'38.64"""
181;Eesti imelik;Eesti;H;imelik;A;O;2;21;25;45442;0,0115531887;18,499630134;"Viljandi maakond, Viljandi vald, Lalsi küla, Eesti";"Leiti aadress, üks objekti vaste";3;848994088000000000KQV000000000000;6483669;618200;58,47719;26,02634;"58°28'37.89""";"26°1'34.84"""
182;Kose täis;Kose;H;täis;A;O;1;4;34;45442;0,002992826;18,2245808118;"Harju maakond, Kose vald";"Leiti aadress, üks objekti vaste";1;373380000000000000000000000000000;6561137;566682;59,18351;25,16649;"59°11'0.63""";"25°9'59.36"""
183;vene tühi;vene;G;tühi;A;O;1;6;23;45442;0,0030368382;18,0912379872;"Lääne-Viru maakond, Vinni vald, Venevere küla";"Leiti aadress, üks objekti vaste";1;609019204000000000000000000000000;6544575;655117;59,012;26,70065;"59°0'43.19""";"26°42'2.34"""
184;Vene kahtlane;Vene;H;kahtlane;A;O;1;28;5;45442;0,0030808503;17,9607570869;"Lääne-Viru maakond, Vinni vald, Venevere küla";"Leiti aadress, üks objekti vaste";1;609019204000000000000000000000000;6544575;655117;59,012;26,70065;"59°0'43.19""";"26°42'2.34"""
185;Harju sügav;Harju;H;sügav;A;O;1;7;20;45442;0,0030808503;17,9607570869;Harju maakond;"Leiti aadress, üks objekti vaste";1;370000000000000000000000000000000;6588644;542220;59,43353;24,74395;"59°26'0.72""";"24°44'38.21"""
186;Tallinn hooplik;Tallinn;H;hooplik;A;O;1;72;2;45442;0,0031688746;17,7079816275;"Harju maakond, Tallinn";"Leiti aadress, üks objekti vaste";1;377840000000000000000000000000000;6588522;542228;59,43244;24,74407;"59°25'56.78""";"24°44'38.64"""
187;Tallinn piiratud;Tallinn;H;piiratud;A;O;1;72;2;45442;0,0031688746;17,7079816275;"Harju maakond, Tallinn";"Leiti aadress, üks objekti vaste";1;377840000000000000000000000000000;6588522;542228;59,43244;24,74407;"59°25'56.78""";"24°44'38.64"""
188;Rootsi tunginud;Rootsi;H;tunginud;A;O;1;18;8;45442;0,0031688746;17,7079816275;"Rapla maakond, Kohila vald, Rootsi küla";"Leiti aadress, üks objekti vaste";1;713177085000000000000000000000000;6556826;542637;59,14789;24,74507;"59°8'52.40""";"24°44'42.25"""
189;Lasna surnud;Lasna;H;surnud;A;O;1;8;18;45442;0,0031688746;17,7079816275;"Harju maakond, Tallinn, Lasnamäe linnaosa";"Leiti aadress, üks objekti vaste";1;377840387000000000000000000000000;6588567;546772;59,43236;24,82413;"59°25'56.51""";"24°49'26.88"""
190;Rootsi järgmine;Rootsi;H;järgmine;A;O;1;18;8;45442;0,0031688746;17,7079816275;"Rapla maakond, Kohila vald, Rootsi küla";"Leiti aadress, üks objekti vaste";1;713177085000000000000000000000000;6556826;542637;59,14789;24,74507;"59°8'52.40""";"24°44'42.25"""
191;Pirita kuulus;Pirita;H;kuulus;A;O;1;16;9;45442;0,0031688746;17,7079816275;"Harju maakond, Tallinn, Pirita linnaosa";"Leiti aadress, üks objekti vaste";1;377840596000000000000000000000000;6592619;547345;59,46867;24,83512;"59°28'7.21""";"24°50'6.43"""
192;Kuimetsa vale;Kuimetsa;H;vale;A;O;1;29;5;45442;0,0031908807;17,6464244063;"Rapla maakond, Rapla vald, Kuimetsa küla";"Leiti aadress, üks objekti vaste";1;716683541000000000000000000000000;6545803;564378;59,04623;25,12171;"59°2'46.41""";"25°7'18.14"""
193;Saksa kitsas;Saksa;H;kitsas;A;O;1;21;7;45442;0,0032348928;17,5251957648;"Rapla maakond, Kehtna vald, Saksa küla";"Leiti aadress, üks objekti vaste";1;712937353000000000000000000000000;6534209;550668;58,94399;24,88021;"58°56'38.36""";"24°52'48.74"""
194;Toompea kõrge;Toompea;H;kõrge;A;O;1;5;30;45442;0,0033009111;17,3479096025;"Harju maakond, Tallinn, Kesklinna linnaosa, Toompea tn";"Leiti aadress, üks objekti vaste";2;377840298000004AY0000000000000000;6588658;541967;59,43368;24,73949;"59°26'1.26""";"24°44'22.18"""
195;Põltsamaa üksipäine;Põltsamaa;H;üksipäine;A;O;1;6;26;45442;0,0034329475;17,008771406;"Jõgeva maakond, Põltsamaa vald";"Leiti aadress, üks objekti vaste";1;506180000000000000000000000000000;6503283;614782;58,65413;25,97769;"58°39'14.87""";"25°58'39.70"""
196;Saksa hirmus;Saksa;H;hirmus;A;O;2;21;30;45442;0,0138638264;16,8681504246;"Rapla maakond, Kehtna vald, Saksa küla";"Leiti aadress, üks objekti vaste";1;712937353000000000000000000000000;6534209;550668;58,94399;24,88021;"58°56'38.36""";"24°52'48.74"""
197;pai endine;pai;S;endine;A;O;1;10;16;45442;0,0035209718;16,7933326345;"Järva maakond, Paide linn";"Leiti aadress, üks objekti vaste";1;525670000000000000000000000000000;6533503;592859;58,93061;25,61264;"58°55'50.21""";"25°36'45.50"""
198;Rootsi lihtne;Rootsi;H;lihtne;A;O;1;18;9;45442;0,0035649839;16,6886110214;"Rapla maakond, Kohila vald, Rootsi küla";"Leiti aadress, üks objekti vaste";1;713177085000000000000000000000000;6556826;542637;59,14789;24,74507;"59°8'52.40""";"24°44'42.25"""
199;Tallinn kuulus;Tallinn;H;kuulus;A;O;2;72;9;45442;0,0142599357;16,628903535;"Harju maakond, Tallinn";"Leiti aadress, üks objekti vaste";1;377840000000000000000000000000000;6588522;542228;59,43244;24,74407;"59°25'56.78""";"24°44'38.64"""
200;Tallinn põgenenud;Tallinn;H;põgenenud;A;O;2;72;9;45442;0,0142599357;16,628903535;"Harju maakond, Tallinn";"Leiti aadress, üks objekti vaste";1;377840000000000000000000000000000;6588522;542228;59,43244;24,74407;"59°25'56.78""";"24°44'38.64"""
201;Toompea terve;Toompea;H;terve;A;O;1;5;33;45442;0,0036310022;16,535104826;"Harju maakond, Tallinn, Kesklinna linnaosa, Toompea tn";"Leiti aadress, üks objekti vaste";2;377840298000004AY0000000000000000;6588658;541967;59,43368;24,73949;"59°26'1.26""";"24°44'22.18"""
202;Saksa tunginud;Saksa;H;tunginud;A;O;1;21;8;45442;0,0036970204;16,385719156;"Rapla maakond, Kehtna vald, Saksa küla";"Leiti aadress, üks objekti vaste";1;712937353000000000000000000000000;6534209;550668;58,94399;24,88021;"58°56'38.36""";"24°52'48.74"""
203;Kuimetsa tuim;Kuimetsa;H;tuim;A;O;1;29;6;45442;0,0038290568;16,0985946156;"Rapla maakond, Rapla vald, Kuimetsa küla";"Leiti aadress, üks objekti vaste";1;716683541000000000000000000000000;6545803;564378;59,04623;25,12171;"59°2'46.41""";"25°7'18.14"""
204;Kuimetsa lustilik;Kuimetsa;H;lustilik;A;O;1;29;6;45442;0,0038290568;16,0985946156;"Rapla maakond, Rapla vald, Kuimetsa küla";"Leiti aadress, üks objekti vaste";1;716683541000000000000000000000000;6545803;564378;59,04623;25,12171;"59°2'46.41""";"25°7'18.14"""
205;Kuimetsa elav;Kuimetsa;H;elav;A;O;1;29;6;45442;0,0038290568;16,0985946156;"Rapla maakond, Rapla vald, Kuimetsa küla";"Leiti aadress, üks objekti vaste";1;716683541000000000000000000000000;6545803;564378;59,04623;25,12171;"59°2'46.41""";"25°7'18.14"""
206;Eesti raske;Eesti;H;raske;A;O;2;21;33;45442;0,0152502091;16,0719238581;"Viljandi maakond, Viljandi vald, Lalsi küla, Eesti";"Leiti aadress, üks objekti vaste";3;848994088000000000KQV000000000000;6483669;618200;58,47719;26,02634;"58°28'37.89""";"26°1'34.84"""
207;Moskva tore;Moskva;H;tore;A;O;1;11;16;45442;0,003873069;16,0061567807;"Võru maakond, Setomaa vald, Mokra küla, Moskva";"Leiti aadress, üks objekti vaste";3;877324970000000000QCV000000000000;6394885;701108;57,65073;27,36934;"57°39'2.61""";"27°22'9.61"""
208;Rootsi osav;Rootsi;H;osav;A;O;1;18;10;45442;0,0039610933;15,825912822;"Rapla maakond, Kohila vald, Rootsi küla";"Leiti aadress, üks objekti vaste";1;713177085000000000000000000000000;6556826;542637;59,14789;24,74507;"59°8'52.40""";"24°44'42.25"""
209;Lääs vana;Lääs;H;vana;A;O;1;3;61;45442;0,0040271115;15,6946158603;"Harju maakond, Raasiku vald, Järsi küla, Alajaama 1";"Ajalooline aadress, leiti uus kehtiv vaste";3;376512335000000009GER000000000000;6580928;559549;59,3622;25,04713;"59°21'43.92""";"25°2'49.68"""
210;Eesti praegune;Eesti;H;praegune;A;O;1;21;9;45442;0,0041591479;15,4414384557;"Viljandi maakond, Viljandi vald, Lalsi küla, Eesti";"Leiti aadress, üks objekti vaste";3;848994088000000000KQV000000000000;6483669;618200;58,47719;26,02634;"58°28'37.89""";"26°1'34.84"""
211;Rootsi sarnane;Rootsi;H;sarnane;A;O;1;18;11;45442;0,0043572026;15,0834149882;"Rapla maakond, Kohila vald, Rootsi küla";"Leiti aadress, üks objekti vaste";1;713177085000000000000000000000000;6556826;542637;59,14789;24,74507;"59°8'52.40""";"24°44'42.25"""
212;Moskva õnnetu;Moskva;H;õnnetu;A;O;1;11;18;45442;0,0043572026;15,0834149882;"Võru maakond, Setomaa vald, Mokra küla, Moskva";"Leiti aadress, üks objekti vaste";3;877324970000000000QCV000000000000;6394885;701108;57,65073;27,36934;"57°39'2.61""";"27°22'9.61"""
213;Saksa kena;Saksa;H;kena;A;O;2;21;38;45442;0,0175608468;14,9598465724;"Rapla maakond, Kehtna vald, Saksa küla";"Leiti aadress, üks objekti vaste";1;712937353000000000000000000000000;6534209;550668;58,94399;24,88021;"58°56'38.36""";"24°52'48.74"""
214;Kuimetsa julge;Kuimetsa;H;julge;A;O;1;29;7;45442;0,004467233;14,8948542786;"Rapla maakond, Rapla vald, Kuimetsa küla";"Leiti aadress, üks objekti vaste";1;716683541000000000000000000000000;6545803;564378;59,04623;25,12171;"59°2'46.41""";"25°7'18.14"""
215;Eesti osav;Eesti;H;osav;A;O;1;21;10;45442;0,0046212755;14,6422367644;"Viljandi maakond, Viljandi vald, Lalsi küla, Eesti";"Leiti aadress, üks objekti vaste";3;848994088000000000KQV000000000000;6483669;618200;58,47719;26,02634;"58°28'37.89""";"26°1'34.84"""
216;Tallinn minev;Tallinn;H;minev;A;O;1;72;3;45442;0,0047533119;14,4355250317;"Harju maakond, Tallinn";"Leiti aadress, üks objekti vaste";1;377840000000000000000000000000000;6588522;542228;59,43244;24,74407;"59°25'56.78""";"24°44'38.64"""
217;Tallinn olev;Tallinn;H;olev;A;O;1;72;3;45442;0,0047533119;14,4355250317;"Harju maakond, Tallinn";"Leiti aadress, üks objekti vaste";1;377840000000000000000000000000000;6588522;542228;59,43244;24,74407;"59°25'56.78""";"24°44'38.64"""
218;Tallinn piinlik;Tallinn;H;piinlik;A;O;1;72;3;45442;0,0047533119;14,4355250317;"Harju maakond, Tallinn";"Leiti aadress, üks objekti vaste";1;377840000000000000000000000000000;6588522;542228;59,43244;24,74407;"59°25'56.78""";"24°44'38.64"""
219;Vene tunginud;Vene;H;tunginud;A;O;1;28;8;45442;0,0049293605;14,1728966972;"Lääne-Viru maakond, Vinni vald, Venevere küla";"Leiti aadress, üks objekti vaste";1;609019204000000000000000000000000;6544575;655117;59,012;26,70065;"59°0'43.19""";"26°42'2.34"""
220;Vene põlev;Vene;H;põlev;A;O;1;28;8;45442;0,0049293605;14,1728966972;"Lääne-Viru maakond, Vinni vald, Venevere küla";"Leiti aadress, üks objekti vaste";1;609019204000000000000000000000000;6544575;655117;59,012;26,70065;"59°0'43.19""";"26°42'2.34"""
221;Liivi viimane;Liivi;H;viimane;A;O;1;15;15;45442;0,0049513666;14,1410535609;"Lääne maakond, Lääne-Nigula vald, Liivi küla";"Leiti aadress, üks objekti vaste";1;564414361000000000000000000000000;6523888;498261;58,85431;23,96987;"58°51'15.52""";"23°58'11.53"""
222;Rootsi üksik;Rootsi;H;üksik;A;O;1;18;13;45442;0,0051494212;13,8636838761;"Rapla maakond, Kohila vald, Rootsi küla";"Leiti aadress, üks objekti vaste";1;713177085000000000000000000000000;6556826;542637;59,14789;24,74507;"59°8'52.40""";"24°44'42.25"""
223;saksa suur;saksa;G;suur;A;O;1;2;119;45442;0,0052374455;13,7454723656;"Rapla maakond, Kehtna vald, Saksa küla";"Leiti aadress, üks objekti vaste";1;712937353000000000000000000000000;6534209;550668;58,94399;24,88021;"58°56'38.36""";"24°52'48.74"""
224;Pirita püha;Pirita;H;püha;A;O;1;16;15;45442;0,0052814577;13,6874741324;"Harju maakond, Tallinn, Pirita linnaosa";"Leiti aadress, üks objekti vaste";1;377840596000000000000000000000000;6592619;547345;59,46867;24,83512;"59°28'7.21""";"24°50'6.43"""
225;Jägala kõrge;Jägala;H;kõrge;A;O;1;8;30;45442;0,0052814577;13,6874741324;"Harju maakond, Jõelähtme vald, Jägala küla";"Leiti aadress, üks objekti vaste";1;372452299000000000000000000000000;6586712;570366;59,41246;25,23918;"59°24'44.85""";"25°14'21.06"""
226;Pirita paha;Pirita;H;paha;A;O;1;16;15;45442;0,0052814577;13,6874741324;"Harju maakond, Tallinn, Pirita linnaosa";"Leiti aadress, üks objekti vaste";1;377840596000000000000000000000000;6592619;547345;59,46867;24,83512;"59°28'7.21""";"24°50'6.43"""
227;Pirita paks;Pirita;H;paks;A;O;1;16;15;45442;0,0052814577;13,6874741324;"Harju maakond, Tallinn, Pirita linnaosa";"Leiti aadress, üks objekti vaste";1;377840596000000000000000000000000;6592619;547345;59,46867;24,83512;"59°28'7.21""";"24°50'6.43"""
228;Jägala suur;Jägala;H;suur;A;O;2;8;119;45442;0,0209497821;13,6731021678;"Harju maakond, Jõelähtme vald, Jägala küla";"Leiti aadress, üks objekti vaste";1;372452299000000000000000000000000;6586712;570366;59,41246;25,23918;"59°24'44.85""";"25°14'21.06"""
229;Moskva kerge;Moskva;H;kerge;A;O;1;11;22;45442;0,0053254698;13,6301938715;"Võru maakond, Setomaa vald, Mokra küla, Moskva";"Leiti aadress, üks objekti vaste";3;877324970000000000QCV000000000000;6394885;701108;57,65073;27,36934;"57°39'2.61""";"27°22'9.61"""
230;Saksa häkiline;Saksa;H;häkiline;A;O;1;21;12;45442;0,0055455306;13,3540608938;"Rapla maakond, Kehtna vald, Saksa küla";"Leiti aadress, üks objekti vaste";1;712937353000000000000000000000000;6534209;550668;58,94399;24,88021;"58°56'38.36""";"24°52'48.74"""
231;Saksa punane;Saksa;H;punane;A;O;1;21;12;45442;0,0055455306;13,3540608938;"Rapla maakond, Kehtna vald, Saksa küla";"Leiti aadress, üks objekti vaste";1;712937353000000000000000000000000;6534209;550668;58,94399;24,88021;"58°56'38.36""";"24°52'48.74"""
232;Liivi päälik;Liivi;H;päälik;A;O;1;15;17;45442;0,0056115488;13,2743938889;"Lääne maakond, Lääne-Nigula vald, Liivi küla";"Leiti aadress, üks objekti vaste";1;564414361000000000000000000000000;6523888;498261;58,85431;23,96987;"58°51'15.52""";"23°58'11.53"""
233;pai haige;pai;S;haige;A;O;1;10;27;45442;0,0059416399;12,896109698;"Järva maakond, Paide linn";"Leiti aadress, üks objekti vaste";1;525670000000000000000000000000000;6533503;592859;58,93061;25,61264;"58°55'50.21""";"25°36'45.50"""
234;Rootsi kentsakas;Rootsi;H;kentsakas;A;O;1;18;15;45442;0,0059416399;12,896109698;"Rapla maakond, Kohila vald, Rootsi küla";"Leiti aadress, üks objekti vaste";1;713177085000000000000000000000000;6556826;542637;59,14789;24,74507;"59°8'52.40""";"24°44'42.25"""
235;Rootsi viimane;Rootsi;H;viimane;A;O;1;18;15;45442;0,0059416399;12,896109698;"Rapla maakond, Kohila vald, Rootsi küla";"Leiti aadress, üks objekti vaste";1;713177085000000000000000000000000;6556826;542637;59,14789;24,74507;"59°8'52.40""";"24°44'42.25"""
236;Moskva imelik;Moskva;H;imelik;A;O;1;11;25;45442;0,0060516703;12,776920131;"Võru maakond, Setomaa vald, Mokra küla, Moskva";"Leiti aadress, üks objekti vaste";3;877324970000000000QCV000000000000;6394885;701108;57,65073;27,36934;"57°39'2.61""";"27°22'9.61"""
237;Vene kardetav;Vene;H;kardetav;A;O;1;28;10;45442;0,0061617006;12,660924881;"Lääne-Viru maakond, Vinni vald, Venevere küla";"Leiti aadress, üks objekti vaste";1;609019204000000000000000000000000;6544575;655117;59,012;26,70065;"59°0'43.19""";"26°42'2.34"""
238;Tallinn igapäevane;Tallinn;H;igapäevane;A;O;1;72;4;45442;0,0063377492;12,481628899;"Harju maakond, Tallinn";"Leiti aadress, üks objekti vaste";1;377840000000000000000000000000000;6588522;542228;59,43244;24,74407;"59°25'56.78""";"24°44'38.64"""
239;Rootsi endine;Rootsi;H;endine;A;O;1;18;16;45442;0,0063377492;12,481628899;"Rapla maakond, Kohila vald, Rootsi küla";"Leiti aadress, üks objekti vaste";1;713177085000000000000000000000000;6556826;542637;59,14789;24,74507;"59°8'52.40""";"24°44'42.25"""
240;Tallinn vaevaline;Tallinn;H;vaevaline;A;O;1;72;4;45442;0,0063377492;12,481628899;"Harju maakond, Tallinn";"Leiti aadress, üks objekti vaste";1;377840000000000000000000000000000;6588522;542228;59,43244;24,74407;"59°25'56.78""";"24°44'38.64"""
241;Tallinn päris;Tallinn;H;päris;A;O;1;72;4;45442;0,0063377492;12,481628899;"Harju maakond, Tallinn";"Leiti aadress, üks objekti vaste";1;377840000000000000000000000000000;6588522;542228;59,43244;24,74407;"59°25'56.78""";"24°44'38.64"""
242;Tallinn umbusklik;Tallinn;H;umbusklik;A;O;1;72;4;45442;0,0063377492;12,481628899;"Harju maakond, Tallinn";"Leiti aadress, üks objekti vaste";1;377840000000000000000000000000000;6588522;542228;59,43244;24,74407;"59°25'56.78""";"24°44'38.64"""
243;Tallinn tuline;Tallinn;H;tuline;A;O;1;72;4;45442;0,0063377492;12,481628899;"Harju maakond, Tallinn";"Leiti aadress, üks objekti vaste";1;377840000000000000000000000000000;6588522;542228;59,43244;24,74407;"59°25'56.78""";"24°44'38.64"""
244;Tallinn saadetud;Tallinn;H;saadetud;A;O;1;72;4;45442;0,0063377492;12,481628899;"Harju maakond, Tallinn";"Leiti aadress, üks objekti vaste";1;377840000000000000000000000000000;6588522;542228;59,43244;24,74407;"59°25'56.78""";"24°44'38.64"""
245;Kuimetsa rikas;Kuimetsa;H;rikas;A;O;1;29;10;45442;0,0063817614;12,4379633978;"Rapla maakond, Rapla vald, Kuimetsa küla";"Leiti aadress, üks objekti vaste";1;716683541000000000000000000000000;6545803;564378;59,04623;25,12171;"59°2'46.41""";"25°7'18.14"""
246;Tallinn endine;Tallinn;H;endine;A;O;2;72;16;45442;0,0253509969;12,4020189171;"Harju maakond, Tallinn";"Leiti aadress, üks objekti vaste";1;377840000000000000000000000000000;6588522;542228;59,43244;24,74407;"59°25'56.78""";"24°44'38.64"""
247;Eesti rõõmus;Eesti;H;rõõmus;A;O;1;21;14;45442;0,0064697857;12,351967278;"Viljandi maakond, Viljandi vald, Lalsi küla, Eesti";"Leiti aadress, üks objekti vaste";3;848994088000000000KQV000000000000;6483669;618200;58,47719;26,02634;"58°28'37.89""";"26°1'34.84"""
248;Saksa rõõmus;Saksa;H;rõõmus;A;O;1;21;14;45442;0,0064697857;12,351967278;"Rapla maakond, Kehtna vald, Saksa küla";"Leiti aadress, üks objekti vaste";1;712937353000000000000000000000000;6534209;550668;58,94399;24,88021;"58°56'38.36""";"24°52'48.74"""
249;Moskva viimne;Moskva;H;viimne;A;O;1;11;27;45442;0,0065358039;12,2886086604;"Võru maakond, Setomaa vald, Mokra küla, Moskva";"Leiti aadress, üks objekti vaste";3;877324970000000000QCV000000000000;6394885;701108;57,65073;27,36934;"57°39'2.61""";"27°22'9.61"""
250;Toompea vana;Toompea;H;vana;A;O;1;5;61;45442;0,0067118525;12,1242268119;"Harju maakond, Tallinn, Kesklinna linnaosa, Toompea tn";"Leiti aadress, üks objekti vaste";2;377840298000004AY0000000000000000;6588658;541967;59,43368;24,73949;"59°26'1.26""";"24°44'22.18"""
251;Saksa vana;Saksa;H;vana;A;O;2;21;61;45442;0,0281897804;11,7440871933;"Rapla maakond, Kehtna vald, Saksa küla";"Leiti aadress, üks objekti vaste";1;712937353000000000000000000000000;6534209;550668;58,94399;24,88021;"58°56'38.36""";"24°52'48.74"""
252;Moskva hirmus;Moskva;H;hirmus;A;O;1;11;30;45442;0,0072620043;11,6494760529;"Võru maakond, Setomaa vald, Mokra küla, Moskva";"Leiti aadress, üks objekti vaste";3;877324970000000000QCV000000000000;6394885;701108;57,65073;27,36934;"57°39'2.61""";"27°22'9.61"""
253;Eesti endine;Eesti;H;endine;A;O;1;21;16;45442;0,0073940408;11,5434588257;"Viljandi maakond, Viljandi vald, Lalsi küla, Eesti";"Leiti aadress, üks objekti vaste";3;848994088000000000KQV000000000000;6483669;618200;58,47719;26,02634;"58°28'37.89""";"26°1'34.84"""
254;Lääs suur;Lääs;H;suur;A;O;1;3;119;45442;0,0078561683;11,1935861802;"Harju maakond, Raasiku vald, Järsi küla, Alajaama 1";"Ajalooline aadress, leiti uus kehtiv vaste";3;376512335000000009GER000000000000;6580928;559549;59,3622;25,04713;"59°21'43.92""";"25°2'49.68"""
255;Saksa päälik;Saksa;H;päälik;A;O;1;21;17;45442;0,0078561683;11,1935861802;"Rapla maakond, Kehtna vald, Saksa küla";"Leiti aadress, üks objekti vaste";1;712937353000000000000000000000000;6534209;550668;58,94399;24,88021;"58°56'38.36""";"24°52'48.74"""
256;Tallinn kahtlane;Tallinn;H;kahtlane;A;O;1;72;5;45442;0,0079221865;11,1461069421;"Harju maakond, Tallinn";"Leiti aadress, üks objekti vaste";1;377840000000000000000000000000000;6588522;542228;59,43244;24,74407;"59°25'56.78""";"24°44'38.64"""
257;Liivi kallis;Liivi;H;kallis;A;O;1;15;24;45442;0,0079221865;11,1461069421;"Lääne maakond, Lääne-Nigula vald, Liivi küla";"Leiti aadress, üks objekti vaste";1;564414361000000000000000000000000;6523888;498261;58,85431;23,96987;"58°51'15.52""";"23°58'11.53"""
258;Tallinn vale;Tallinn;H;vale;A;O;1;72;5;45442;0,0079221865;11,1461069421;"Harju maakond, Tallinn";"Leiti aadress, üks objekti vaste";1;377840000000000000000000000000000;6588522;542228;59,43244;24,74407;"59°25'56.78""";"24°44'38.64"""
259;Tallinn tuttav;Tallinn;H;tuttav;A;O;1;72;5;45442;0,0079221865;11,1461069421;"Harju maakond, Tallinn";"Leiti aadress, üks objekti vaste";1;377840000000000000000000000000000;6588522;542228;59,43244;24,74407;"59°25'56.78""";"24°44'38.64"""
260;Vene ainuke;Vene;H;ainuke;A;O;1;28;13;45442;0,0080102108;11,0837119031;"Lääne-Viru maakond, Vinni vald, Venevere küla";"Leiti aadress, üks objekti vaste";1;609019204000000000000000000000000;6544575;655117;59,012;26,70065;"59°0'43.19""";"26°42'2.34"""
261;Vene pime;Vene;H;pime;A;O;1;28;13;45442;0,0080102108;11,0837119031;"Lääne-Viru maakond, Vinni vald, Venevere küla";"Leiti aadress, üks objekti vaste";1;609019204000000000000000000000000;6544575;655117;59,012;26,70065;"59°0'43.19""";"26°42'2.34"""
262;Vene üksik;Vene;H;üksik;A;O;1;28;13;45442;0,0080102108;11,0837119031;"Lääne-Viru maakond, Vinni vald, Venevere küla";"Leiti aadress, üks objekti vaste";1;609019204000000000000000000000000;6544575;655117;59,012;26,70065;"59°0'43.19""";"26°42'2.34"""
263;vene vana;vene;G;vana;A;O;1;6;61;45442;0,008054223;11,0528966415;"Lääne-Viru maakond, Vinni vald, Venevere küla";"Leiti aadress, üks objekti vaste";1;609019204000000000000000000000000;6544575;655117;59,012;26,70065;"59°0'43.19""";"26°42'2.34"""
264;Põltsamaa vana;Põltsamaa;H;vana;A;O;1;6;61;45442;0,008054223;11,0528966415;"Jõgeva maakond, Põltsamaa vald";"Leiti aadress, üks objekti vaste";1;506180000000000000000000000000000;6503283;614782;58,65413;25,97769;"58°39'14.87""";"25°58'39.70"""
265;Saksa puhas;Saksa;H;puhas;A;O;1;21;18;45442;0,0083182958;10,8731434973;"Rapla maakond, Kehtna vald, Saksa küla";"Leiti aadress, üks objekti vaste";1;712937353000000000000000000000000;6534209;550668;58,94399;24,88021;"58°56'38.36""";"24°52'48.74"""
266;Eesti tehtud;Eesti;H;tehtud;A;O;1;21;18;45442;0,0083182958;10,8731434973;"Viljandi maakond, Viljandi vald, Lalsi küla, Eesti";"Leiti aadress, üks objekti vaste";3;848994088000000000KQV000000000000;6483669;618200;58,47719;26,02634;"58°28'37.89""";"26°1'34.84"""
267;Eesti kange;Eesti;H;kange;A;O;1;21;19;45442;0,0087804234;10,5782089568;"Viljandi maakond, Viljandi vald, Lalsi küla, Eesti";"Leiti aadress, üks objekti vaste";3;848994088000000000KQV000000000000;6483669;618200;58,47719;26,02634;"58°28'37.89""";"26°1'34.84"""
268;Pirita ainus;Pirita;H;ainus;A;O;1;16;25;45442;0,0088024295;10,5647433679;"Harju maakond, Tallinn, Pirita linnaosa";"Leiti aadress, üks objekti vaste";1;377840596000000000000000000000000;6592619;547345;59,46867;24,83512;"59°28'7.21""";"24°50'6.43"""
269;Liivi viimne;Liivi;H;viimne;A;O;1;15;27;45442;0,0089124598;10,4981608673;"Lääne maakond, Lääne-Nigula vald, Liivi küla";"Leiti aadress, üks objekti vaste";1;564414361000000000000000000000000;6523888;498261;58,85431;23,96987;"58°51'15.52""";"23°58'11.53"""
270;Rootsi kindel;Rootsi;H;kindel;A;O;1;18;23;45442;0,0091105145;10,3813484451;"Rapla maakond, Kohila vald, Rootsi küla";"Leiti aadress, üks objekti vaste";1;713177085000000000000000000000000;6556826;542637;59,14789;24,74507;"59°8'52.40""";"24°44'42.25"""
271;Tallinn upsakas;Tallinn;H;upsakas;A;O;1;72;6;45442;0,0095066238;10,1587066814;"Harju maakond, Tallinn";"Leiti aadress, üks objekti vaste";1;377840000000000000000000000000000;6588522;542228;59,43244;24,74407;"59°25'56.78""";"24°44'38.64"""
272;Pirita haige;Pirita;H;haige;A;O;1;16;27;45442;0,0095066238;10,1587066814;"Harju maakond, Tallinn, Pirita linnaosa";"Leiti aadress, üks objekti vaste";1;377840596000000000000000000000000;6592619;547345;59,46867;24,83512;"59°28'7.21""";"24°50'6.43"""
273;Tallinn tuim;Tallinn;H;tuim;A;O;1;72;6;45442;0,0095066238;10,1587066814;"Harju maakond, Tallinn";"Leiti aadress, üks objekti vaste";1;377840000000000000000000000000000;6588522;542228;59,43244;24,74407;"59°25'56.78""";"24°44'38.64"""
274;Tallinn alandlik;Tallinn;H;alandlik;A;O;1;72;6;45442;0,0095066238;10,1587066814;"Harju maakond, Tallinn";"Leiti aadress, üks objekti vaste";1;377840000000000000000000000000000;6588522;542228;59,43244;24,74407;"59°25'56.78""";"24°44'38.64"""
275;Tallinn sõjapäälik;Tallinn;H;sõjapäälik;A;O;1;72;6;45442;0,0095066238;10,1587066814;"Harju maakond, Tallinn";"Leiti aadress, üks objekti vaste";1;377840000000000000000000000000000;6588522;542228;59,43244;24,74407;"59°25'56.78""";"24°44'38.64"""
276;Kuimetsa selge;Kuimetsa;H;selge;A;O;1;29;15;45442;0,009572642;10,1229412948;"Rapla maakond, Rapla vald, Kuimetsa küla";"Leiti aadress, üks objekti vaste";1;716683541000000000000000000000000;6545803;564378;59,04623;25,12171;"59°2'46.41""";"25°7'18.14"""
277;Kuimetsa viimane;Kuimetsa;H;viimane;A;O;1;29;15;45442;0,009572642;10,1229412948;"Rapla maakond, Rapla vald, Kuimetsa küla";"Leiti aadress, üks objekti vaste";1;716683541000000000000000000000000;6545803;564378;59,04623;25,12171;"59°2'46.41""";"25°7'18.14"""
278;Vene tore;Vene;H;tore;A;O;1;28;16;45442;0,009858721;9,9721058175;"Lääne-Viru maakond, Vinni vald, Venevere küla";"Leiti aadress, üks objekti vaste";1;609019204000000000000000000000000;6544575;655117;59,012;26,70065;"59°0'43.19""";"26°42'2.34"""
279;Pirita tõene;Pirita;H;tõene;A;O;1;16;28;45442;0,009858721;9,9721058175;"Harju maakond, Tallinn, Pirita linnaosa";"Leiti aadress, üks objekti vaste";1;377840596000000000000000000000000;6592619;547345;59,46867;24,83512;"59°28'7.21""";"24°50'6.43"""
280;Rootsi imelik;Rootsi;H;imelik;A;O;1;18;25;45442;0,0099027332;9,9494786273;"Rapla maakond, Kohila vald, Rootsi küla";"Leiti aadress, üks objekti vaste";1;713177085000000000000000000000000;6556826;542637;59,14789;24,74507;"59°8'52.40""";"24°44'42.25"""
281;Liivi kõrge;Liivi;H;kõrge;A;O;1;15;30;45442;0,0099027332;9,9494786273;"Lääne maakond, Lääne-Nigula vald, Liivi küla";"Leiti aadress, üks objekti vaste";1;564414361000000000000000000000000;6523888;498261;58,85431;23,96987;"58°51'15.52""";"23°58'11.53"""
282;Liivi hirmus;Liivi;H;hirmus;A;O;1;15;30;45442;0,0099027332;9,9494786273;"Lääne maakond, Lääne-Nigula vald, Liivi küla";"Leiti aadress, üks objekti vaste";1;564414361000000000000000000000000;6523888;498261;58,85431;23,96987;"58°51'15.52""";"23°58'11.53"""
283;Saksa kerge;Saksa;H;kerge;A;O;1;21;22;45442;0,010166806;9,8167955141;"Rapla maakond, Kehtna vald, Saksa küla";"Leiti aadress, üks objekti vaste";1;712937353000000000000000000000000;6534209;550668;58,94399;24,88021;"58°56'38.36""";"24°52'48.74"""
284;Kuimetsa tore;Kuimetsa;H;tore;A;O;1;29;16;45442;0,0102108182;9,7951802253;"Rapla maakond, Rapla vald, Kuimetsa küla";"Leiti aadress, üks objekti vaste";1;716683541000000000000000000000000;6545803;564378;59,04623;25,12171;"59°2'46.41""";"25°7'18.14"""
285;Vene päälik;Vene;H;päälik;A;O;1;28;17;45442;0,0104748911;9,6683432627;"Lääne-Viru maakond, Vinni vald, Venevere küla";"Leiti aadress, üks objekti vaste";1;609019204000000000000000000000000;6544575;655117;59,012;26,70065;"59°0'43.19""";"26°42'2.34"""
286;Kose suur;Kose;H;suur;A;O;1;4;119;45442;0,0104748911;9,6683432627;"Harju maakond, Kose vald";"Leiti aadress, üks objekti vaste";1;373380000000000000000000000000000;6561137;566682;59,18351;25,16649;"59°11'0.63""";"25°9'59.36"""
287;Saksa kindel;Saksa;H;kindel;A;O;1;21;23;45442;0,0106289336;9,5965329504;"Rapla maakond, Kehtna vald, Saksa küla";"Leiti aadress, üks objekti vaste";1;712937353000000000000000000000000;6534209;550668;58,94399;24,88021;"58°56'38.36""";"24°52'48.74"""
288;Kuimetsa päälik;Kuimetsa;H;päälik;A;O;1;29;17;45442;0,0108489943;9,4965936622;"Rapla maakond, Rapla vald, Kuimetsa küla";"Leiti aadress, üks objekti vaste";1;716683541000000000000000000000000;6545803;564378;59,04623;25,12171;"59°2'46.41""";"25°7'18.14"""
289;Tallinn hale;Tallinn;H;hale;A;O;1;72;7;45442;0,0110910611;9,3900899609;"Harju maakond, Tallinn";"Leiti aadress, üks objekti vaste";1;377840000000000000000000000000000;6588522;542228;59,43244;24,74407;"59°25'56.78""";"24°44'38.64"""
290;Vene surnud;Vene;H;surnud;A;O;1;28;18;45442;0,0110910611;9,3900899609;"Lääne-Viru maakond, Vinni vald, Venevere küla";"Leiti aadress, üks objekti vaste";1;609019204000000000000000000000000;6544575;655117;59,012;26,70065;"59°0'43.19""";"26°42'2.34"""
291;Pirita terve;Pirita;H;terve;A;O;1;16;33;45442;0,0116192069;9,1692973093;"Harju maakond, Tallinn, Pirita linnaosa";"Leiti aadress, üks objekti vaste";1;377840596000000000000000000000000;6592619;547345;59,46867;24,83512;"59°28'7.21""";"24°50'6.43"""
292;Tallinn kõrge;Tallinn;H;kõrge;A;O;2;72;30;45442;0,0475331191;8,9554109326;"Harju maakond, Tallinn";"Leiti aadress, üks objekti vaste";1;377840000000000000000000000000000;6588522;542228;59,43244;24,74407;"59°25'56.78""";"24°44'38.64"""
293;Liivi vaene;Liivi;H;vaene;A;O;1;15;37;45442;0,0122133709;8,9381033138;"Lääne maakond, Lääne-Nigula vald, Liivi küla";"Leiti aadress, üks objekti vaste";1;564414361000000000000000000000000;6523888;498261;58,85431;23,96987;"58°51'15.52""";"23°58'11.53"""
294;Vene rahuline;Vene;H;rahuline;A;O;1;28;20;45442;0,0123234013;8,8971204315;"Lääne-Viru maakond, Vinni vald, Venevere küla";"Leiti aadress, üks objekti vaste";1;609019204000000000000000000000000;6544575;655117;59,012;26,70065;"59°0'43.19""";"26°42'2.34"""
295;Tallinn terav;Tallinn;H;terav;A;O;1;72;8;45442;0,0126754984;8,7695516767;"Harju maakond, Tallinn";"Leiti aadress, üks objekti vaste";1;377840000000000000000000000000000;6588522;542228;59,43244;24,74407;"59°25'56.78""";"24°44'38.64"""
296;Tallinn põlev;Tallinn;H;põlev;A;O;1;72;8;45442;0,0126754984;8,7695516767;"Harju maakond, Tallinn";"Leiti aadress, üks objekti vaste";1;377840000000000000000000000000000;6588522;542228;59,43244;24,74407;"59°25'56.78""";"24°44'38.64"""
297;Tallinn täis;Tallinn;H;täis;A;O;2;72;34;45442;0,0538708684;8,3848377954;"Harju maakond, Tallinn";"Leiti aadress, üks objekti vaste";1;377840000000000000000000000000000;6588522;542228;59,43244;24,74407;"59°25'56.78""";"24°44'38.64"""
298;Eesti kõrge;Eesti;H;kõrge;A;O;1;21;30;45442;0,0138638264;8,3752028367;"Viljandi maakond, Viljandi vald, Lalsi küla, Eesti";"Leiti aadress, üks objekti vaste";3;848994088000000000KQV000000000000;6483669;618200;58,47719;26,02634;"58°28'37.89""";"26°1'34.84"""
299;Eesti hirmus;Eesti;H;hirmus;A;O;1;21;30;45442;0,0138638264;8,3752028367;"Viljandi maakond, Viljandi vald, Lalsi küla, Eesti";"Leiti aadress, üks objekti vaste";3;848994088000000000KQV000000000000;6483669;618200;58,47719;26,02634;"58°28'37.89""";"26°1'34.84"""
300;Kuimetsa kerge;Kuimetsa;H;kerge;A;O;1;29;22;45442;0,014039875;8,3210423148;"Rapla maakond, Rapla vald, Kuimetsa küla";"Leiti aadress, üks objekti vaste";1;716683541000000000000000000000000;6545803;564378;59,04623;25,12171;"59°2'46.41""";"25°7'18.14"""
301;Eesti suur;Eesti;H;suur;A;O;2;21;119;45442;0,0549931781;8,2940513439;"Viljandi maakond, Viljandi vald, Lalsi küla, Eesti";"Leiti aadress, üks objekti vaste";3;848994088000000000KQV000000000000;6483669;618200;58,47719;26,02634;"58°28'37.89""";"26°1'34.84"""
302;Tallinn uus;Tallinn;H;uus;A;O;1;72;9;45442;0,0142599357;8,2547442811;"Harju maakond, Tallinn";"Leiti aadress, üks objekti vaste";1;377840000000000000000000000000000;6588522;542228;59,43244;24,74407;"59°25'56.78""";"24°44'38.64"""
303;Tallinn kole;Tallinn;H;kole;A;O;1;72;9;45442;0,0142599357;8,2547442811;"Harju maakond, Tallinn";"Leiti aadress, üks objekti vaste";1;377840000000000000000000000000000;6588522;542228;59,43244;24,74407;"59°25'56.78""";"24°44'38.64"""
304;Eesti noor;Eesti;H;noor;A;O;1;21;31;45442;0,014325954;8,2351505979;"Viljandi maakond, Viljandi vald, Lalsi küla, Eesti";"Leiti aadress, üks objekti vaste";3;848994088000000000KQV000000000000;6483669;618200;58,47719;26,02634;"58°28'37.89""";"26°1'34.84"""
305;Saksa noor;Saksa;H;noor;A;O;1;21;31;45442;0,014325954;8,2351505979;"Rapla maakond, Kehtna vald, Saksa küla";"Leiti aadress, üks objekti vaste";1;712937353000000000000000000000000;6534209;550668;58,94399;24,88021;"58°56'38.36""";"24°52'48.74"""
306;Moskva vana;Moskva;H;vana;A;O;1;11;61;45442;0,0147660754;8,1078707355;"Võru maakond, Setomaa vald, Mokra küla, Moskva";"Leiti aadress, üks objekti vaste";3;877324970000000000QCV000000000000;6394885;701108;57,65073;27,36934;"57°39'2.61""";"27°22'9.61"""
307;Kuimetsa ilus;Kuimetsa;H;ilus;A;O;1;29;24;45442;0,0153162273;7,9564782481;"Rapla maakond, Rapla vald, Kuimetsa küla";"Leiti aadress, üks objekti vaste";1;716683541000000000000000000000000;6545803;564378;59,04623;25,12171;"59°2'46.41""";"25°7'18.14"""
308;Põltsamaa suur;Põltsamaa;H;suur;A;O;1;6;119;45442;0,0157123366;7,852386264;"Jõgeva maakond, Põltsamaa vald";"Leiti aadress, üks objekti vaste";1;506180000000000000000000000000000;6503283;614782;58,65413;25,97769;"58°39'14.87""";"25°58'39.70"""
309;Tallinn kardetav;Tallinn;H;kardetav;A;O;1;72;10;45442;0,015844373;7,8185505858;"Harju maakond, Tallinn";"Leiti aadress, üks objekti vaste";1;377840000000000000000000000000000;6588522;542228;59,43244;24,74407;"59°25'56.78""";"24°44'38.64"""
310;Tallinn vahva;Tallinn;H;vahva;A;O;1;72;10;45442;0,015844373;7,8185505858;"Harju maakond, Tallinn";"Leiti aadress, üks objekti vaste";1;377840000000000000000000000000000;6588522;542228;59,43244;24,74407;"59°25'56.78""";"24°44'38.64"""
311;Kuimetsa imelik;Kuimetsa;H;imelik;A;O;1;29;25;45442;0,0159544034;7,7906723133;"Rapla maakond, Rapla vald, Kuimetsa küla";"Leiti aadress, üks objekti vaste";1;716683541000000000000000000000000;6545803;564378;59,04623;25,12171;"59°2'46.41""";"25°7'18.14"""
312;Kuimetsa ainus;Kuimetsa;H;ainus;A;O;1;29;25;45442;0,0159544034;7,7906723133;"Rapla maakond, Rapla vald, Kuimetsa küla";"Leiti aadress, üks objekti vaste";1;716683541000000000000000000000000;6545803;564378;59,04623;25,12171;"59°2'46.41""";"25°7'18.14"""
313;Eesti vaene;Eesti;H;vaene;A;O;1;21;37;45442;0,0170987192;7,5167154531;"Viljandi maakond, Viljandi vald, Lalsi küla, Eesti";"Leiti aadress, üks objekti vaste";3;848994088000000000KQV000000000000;6483669;618200;58,47719;26,02634;"58°28'37.89""";"26°1'34.84"""
314;Kuimetsa viimne;Kuimetsa;H;viimne;A;O;1;29;27;45442;0,0172307557;7,4868545233;"Rapla maakond, Rapla vald, Kuimetsa küla";"Leiti aadress, üks objekti vaste";1;716683541000000000000000000000000;6545803;564378;59,04623;25,12171;"59°2'46.41""";"25°7'18.14"""
315;Tallinn väsinud;Tallinn;H;väsinud;A;O;1;72;11;45442;0,0174288104;7,4426938293;"Harju maakond, Tallinn";"Leiti aadress, üks objekti vaste";1;377840000000000000000000000000000;6588522;542228;59,43244;24,74407;"59°25'56.78""";"24°44'38.64"""
316;Tallinn vägine;Tallinn;H;vägine;A;O;1;72;11;45442;0,0174288104;7,4426938293;"Harju maakond, Tallinn";"Leiti aadress, üks objekti vaste";1;377840000000000000000000000000000;6588522;542228;59,43244;24,74407;"59°25'56.78""";"24°44'38.64"""
317;Vene noor;Vene;H;noor;A;O;1;28;31;45442;0,019101272;7,097297784;"Lääne-Viru maakond, Vinni vald, Venevere küla";"Leiti aadress, üks objekti vaste";1;609019204000000000000000000000000;6544575;655117;59,012;26,70065;"59°0'43.19""";"26°42'2.34"""
318;Liivi vana;Liivi;H;vana;A;O;1;15;61;45442;0,0201355574;6,9053257371;"Lääne maakond, Lääne-Nigula vald, Liivi küla";"Leiti aadress, üks objekti vaste";1;564414361000000000000000000000000;6523888;498261;58,85431;23,96987;"58°51'15.52""";"23°58'11.53"""
319;Kuimetsa uhke;Kuimetsa;H;uhke;A;O;1;29;32;45442;0,0204216364;6,8547862148;"Rapla maakond, Rapla vald, Kuimetsa küla";"Leiti aadress, üks objekti vaste";1;716683541000000000000000000000000;6545803;564378;59,04623;25,12171;"59°2'46.41""";"25°7'18.14"""
320;Tallinn sagedane;Tallinn;H;sagedane;A;O;1;72;13;45442;0,020597685;6,8242027362;"Harju maakond, Tallinn";"Leiti aadress, üks objekti vaste";1;377840000000000000000000000000000;6588522;542228;59,43244;24,74407;"59°25'56.78""";"24°44'38.64"""
321;Lasna suur;Lasna;H;suur;A;O;1;8;119;45442;0,0209497821;6,7641808861;"Harju maakond, Tallinn, Lasnamäe linnaosa";"Leiti aadress, üks objekti vaste";1;377840387000000000000000000000000;6588567;546772;59,43236;24,82413;"59°25'56.51""";"24°49'26.88"""
322;Pirita vana;Pirita;H;vana;A;O;1;16;61;45442;0,0214779279;6,6768933013;"Harju maakond, Tallinn, Pirita linnaosa";"Leiti aadress, üks objekti vaste";1;377840596000000000000000000000000;6592619;547345;59,46867;24,83512;"59°28'7.21""";"24°50'6.43"""
323;Viru suur;Viru;H;suur;A;O;1;9;119;45442;0,0235685049;6,3602730791;"Võru maakond, Rõuge vald, Viru küla";"Leiti aadress, üks objekti vaste";1;876989391000000000000000000000000;6403503;663727;57,74332;26,74976;"57°44'35.97""";"26°44'59.12"""
324;Tallinn viimane;Tallinn;H;viimane;A;O;1;72;15;45442;0,0237665596;6,3324317987;"Harju maakond, Tallinn";"Leiti aadress, üks objekti vaste";1;377840000000000000000000000000000;6588522;542228;59,43244;24,74407;"59°25'56.78""";"24°44'38.64"""
325;Tallinn selge;Tallinn;H;selge;A;O;1;72;15;45442;0,0237665596;6,3324317987;"Harju maakond, Tallinn";"Leiti aadress, üks objekti vaste";1;377840000000000000000000000000000;6588522;542228;59,43244;24,74407;"59°25'56.78""";"24°44'38.64"""
326;Tallinn vana;Tallinn;H;vana;A;O;2;72;61;45442;0,0966506756;6,1223204199;"Harju maakond, Tallinn";"Leiti aadress, üks objekti vaste";1;377840000000000000000000000000000;6588522;542228;59,43244;24,74407;"59°25'56.78""";"24°44'38.64"""
327;Tallinn tõsine;Tallinn;H;tõsine;A;O;1;72;17;45442;0,0269354342;5,9289756643;"Harju maakond, Tallinn";"Leiti aadress, üks objekti vaste";1;377840000000000000000000000000000;6588522;542228;59,43244;24,74407;"59°25'56.78""";"24°44'38.64"""
328;Tallinn armas;Tallinn;H;armas;A;O;1;72;18;45442;0,0285198715;5,752546521;"Harju maakond, Tallinn";"Leiti aadress, üks objekti vaste";1;377840000000000000000000000000000;6588522;542228;59,43244;24,74407;"59°25'56.78""";"24°44'38.64"""
329;Moskva suur;Moskva;H;suur;A;O;1;11;119;45442;0,0288059504;5,7222247078;"Võru maakond, Setomaa vald, Mokra küla, Moskva";"Leiti aadress, üks objekti vaste";3;877324970000000000QCV000000000000;6394885;701108;57,65073;27,36934;"57°39'2.61""";"27°22'9.61"""
330;Tallinn kerge;Tallinn;H;kerge;A;O;1;72;22;45442;0,0348576207;5,1694282985;"Harju maakond, Tallinn";"Leiti aadress, üks objekti vaste";1;377840000000000000000000000000000;6588522;542228;59,43244;24,74407;"59°25'56.78""";"24°44'38.64"""
331;Vene vana;Vene;H;vana;A;O;1;28;61;45442;0,0375863738;4,9641688922;"Lääne-Viru maakond, Vinni vald, Venevere küla";"Leiti aadress, üks objekti vaste";1;609019204000000000000000000000000;6544575;655117;59,012;26,70065;"59°0'43.19""";"26°42'2.34"""
332;Pirita suur;Pirita;H;suur;A;O;1;16;119;45442;0,0418995643;4,6806512584;"Harju maakond, Tallinn, Pirita linnaosa";"Leiti aadress, üks objekti vaste";1;377840596000000000000000000000000;6592619;547345;59,46867;24,83512;"59°28'7.21""";"24°50'6.43"""
333;Tallinn viimne;Tallinn;H;viimne;A;O;1;72;27;45442;0,0427798072;4,6279902993;"Harju maakond, Tallinn";"Leiti aadress, üks objekti vaste";1;377840000000000000000000000000000;6588522;542228;59,43244;24,74407;"59°25'56.78""";"24°44'38.64"""
334;Tallinn õige;Tallinn;H;õige;A;O;1;72;28;45442;0,0443642445;4,53707382;"Harju maakond, Tallinn";"Leiti aadress, üks objekti vaste";1;377840000000000000000000000000000;6588522;542228;59,43244;24,74407;"59°25'56.78""";"24°44'38.64"""
335;Tallinn tõene;Tallinn;H;tõene;A;O;1;72;28;45442;0,0443642445;4,53707382;"Harju maakond, Tallinn";"Leiti aadress, üks objekti vaste";1;377840000000000000000000000000000;6588522;542228;59,43244;24,74407;"59°25'56.78""";"24°44'38.64"""
336;Rootsi suur;Rootsi;H;suur;A;O;1;18;119;45442;0,0471370098;4,3888369277;"Rapla maakond, Kohila vald, Rootsi küla";"Leiti aadress, üks objekti vaste";1;713177085000000000000000000000000;6556826;542637;59,14789;24,74507;"59°8'52.40""";"24°44'42.25"""
337;Tallinn raske;Tallinn;H;raske;A;O;1;72;33;45442;0,0522864311;4,1445997764;"Harju maakond, Tallinn";"Leiti aadress, üks objekti vaste";1;377840000000000000000000000000000;6588522;542228;59,43244;24,74407;"59°25'56.78""";"24°44'38.64"""
338;Tallinn pikk;Tallinn;H;pikk;A;O;1;72;34;45442;0,0538708684;4,076368404;"Harju maakond, Tallinn";"Leiti aadress, üks objekti vaste";1;377840000000000000000000000000000;6588522;542228;59,43244;24,74407;"59°25'56.78""";"24°44'38.64"""
339;Saksa suur;Saksa;H;suur;A;O;1;21;119;45442;0,0549931781;4,0297725504;"Rapla maakond, Kehtna vald, Saksa küla";"Leiti aadress, üks objekti vaste";1;712937353000000000000000000000000;6534209;550668;58,94399;24,88021;"58°56'38.36""";"24°52'48.74"""
340;Tallinn kena;Tallinn;H;kena;A;O;1;72;38;45442;0,0602086176;3,8300296012;"Harju maakond, Tallinn";"Leiti aadress, üks objekti vaste";1;377840000000000000000000000000000;6588522;542228;59,43244;24,74407;"59°25'56.78""";"24°44'38.64"""
341;Kuimetsa suur;Kuimetsa;H;suur;A;O;1;29;119;45442;0,0759429603;3,3531657305;"Rapla maakond, Rapla vald, Kuimetsa küla";"Leiti aadress, üks objekti vaste";1;716683541000000000000000000000000;6545803;564378;59,04623;25,12171;"59°2'46.41""";"25°7'18.14"""
342;Pirita oma;Pirita;H;oma;A;O;1;16;317;45442;0,1116148057;2,6591351345;"Harju maakond, Tallinn, Pirita linnaosa";"Leiti aadress, üks objekti vaste";1;377840596000000000000000000000000;6592619;547345;59,46867;24,83512;"59°28'7.21""";"24°50'6.43"""
343;Vene oma;Vene;H;oma;A;O;1;28;317;45442;0,19532591;1,8207071155;"Lääne-Viru maakond, Vinni vald, Venevere küla";"Leiti aadress, üks objekti vaste";1;609019204000000000000000000000000;6544575;655117;59,012;26,70065;"59°0'43.19""";"26°42'2.34"""
